instruction,output,enhanced_prompt,enhanced_completion,input
What is the primary purpose of the test states in the context of 5GC and RRC protocols?,"The primary purpose of the test states is to prepare the User Equipment (UE) by transitioning it into specific 5G Core (5GC) and Radio Resource Control (RRC) protocol states as part of the initial conditions for test cases. Each test state is uniquely identified by a test state ID, which allows for structured and consistent testing of various functionalities within the 5G network. This structured approach ensures that different aspects of the protocol can be thoroughly evaluated under controlled conditions, facilitating accurate assessment of performance and compliance.<|im_end|>",,"It is important to clarify a key terminology distinction first: **there are no standard operational ""Test States"" defined within the live 3GPP 5G Core (5GC) or Radio Resource Control (RRC) protocol specifications.** In a live network, the system uses specific state machines—such as `RRC_IDLE`, `RRC_INACTIVE`, and `RRC_CONNECTED` for RRC, and `RM-REGISTERED`/`RM-DEREGISTERED` and `CM-CONNECTED`/`CM-IDLE` for the 5GC.

However, the term **""Test States""** is commonly used in the context of Protocol Conformance Testing, manufacturing, and RF validation. In this setting, the primary purpose of test states is to **prepare the User Equipment (UE) or network equipment for validation by forcing it into specific, controlled configurations.** 

Each test state is uniquely identified by a test state ID, which allows for structured and consistent testing. The core objectives of these test states include:

1. **Conformance Certification (GCF/PTCRB):** They precondition the device into a known configuration to verify that it strictly adheres to 3GPP specifications. This ensures test cases are repeatable and validates that equipment from different vendors can successfully transition between states and exchange messages without errors.
2. **Isolation and Deterministic Behavior:** In normal operation, the RRC state machine is highly dynamic. Test states ""freeze"" or bypass certain high-level logic, allowing testers to isolate specific layers (like the physical layer) and force configurations (e.g., specific bandwidths or modulation schemes) to test edge cases without interference from standard network signaling.
3. **Facilitating Non-Signaling Tests:** Many critical RF tests do not require full 5GC signaling overhead. Test states allow the UE to communicate with a simulated gNodeB—often bypassing real SIM card registration—to transmit continuous waves or specific test patterns for measuring transmit power, frequency error, and Error Vector Magnitude (EVM).
4. **Debugging and Development:** Engineers use test states to pause execution, inject specific messages or intentional errors (e.g., corrupted packets), and output internal register values or hidden PHY-layer measurements via diagnostic interfaces to trace protocol bugs.

### Summary
While live 5G networks rely on operational states to balance power saving, mobility, and data transfer, ""Test States"" are used exclusively in testing and engineering environments. Their primary purpose is to isolate, verify, and validate the behavior of the protocol stack and RF hardware under controlled conditions to ensure compliance with 3GPP standards before deployment.",
What is in-channel selectivity (ICS) and why is it important in wireless communication?,"In-channel selectivity (ICS) refers to a receiver's capability to effectively receive a desired signal within its designated resource block while rejecting an interfering signal that has a higher power spectral density. This is crucial in wireless communication as it directly impacts the quality of service and the throughput achieved for a given reference measurement channel. A receiver with high ICS can differentiate between the wanted signal and interference, ensuring reliable data transmission even in the presence of strong interfering signals. This measure is particularly important in environments where multiple signals can overlap, such as in dense urban settings or during high user density scenarios. Ensuring robust ICS allows for efficient spectrum usage and enhances overall network performance.<|im_end|>",,"**In-Channel Selectivity (ICS)** is a performance metric in wireless communication that measures a receiver's ability to correctly demodulate a desired signal when an interfering signal occupies the exact same frequency channel bandwidth (or resource block) and may have a higher power spectral density.

To understand ICS, it helps to contrast it with Adjacent Channel Selectivity (ACS). While ACS measures how well a receiver rejects interference from a *neighboring* frequency channel—typically using RF front-end filters—ICS measures how well a receiver handles interference *inside its own* assigned channel. Because the interferer occupies the same spectral space, the radio cannot simply filter it out without also removing the desired signal.

### How ICS Works
Since traditional RF filtering cannot remove in-channel interference, the receiver must rely on baseband digital signal processing (DSP), modulation, and coding to distinguish the two. Key mechanisms include:
*   **Processing and Coding Gain:** Utilizing spread spectrum techniques and error correction codes (like Turbo codes or LDPC) to recover data even if parts of the signal are corrupted.
*   **Spatial Separation:** Using Multiple-Input Multiple-Output (MIMO) antennas to distinguish signals based on their spatial direction of arrival.
*   **Interference Cancellation:** Advanced algorithms that estimate the interfering signal and subtract it from the received waveform.
*   **Sub-carrier Isolation:** In OFDM systems, maintaining orthogonality among sub-carriers to prevent Inter-Carrier Interference (ICI) caused by hardware imperfections or Doppler shifts.

### Why is ICS Important?
As the wireless spectrum becomes increasingly crowded, ICS has become a defining factor in network capacity, reliability, and efficiency. 

**1. Enables Frequency Reuse (Network Capacity)**
Cellular networks (4G LTE, 5G) and Wi-Fi rely on frequency reuse to maximize capacity, meaning the same frequencies are used across different geographic areas. At the edge of a cell, a user’s signal is weak, but they may receive a strong signal on the exact same frequency from a neighboring cell (co-channel interference). High ICS allows the receiver to lock onto the weaker desired signal, enabling aggressive frequency reuse without sacrificing connection stability.

**2. Improves Performance in Congested Environments**
In unlicensed bands (e.g., 2.4 GHz), multiple devices often transmit on overlapping frequencies simultaneously. A receiver with poor ICS will see its Bit Error Rate (BER) skyrocket as the channel gets busy. High ICS allows the device to isolate the intended signal from intra-channel noise, reducing packet loss and retransmissions.

**3. Maintains High Throughput and Range**
Modern wireless standards use dense modulation schemes (like 256-QAM or 1024-QAM) to transmit more data per second. These schemes are highly sensitive to noise and require a high Signal-to-Interference-plus-Noise Ratio (SINR). High ICS ensures the receiver can maintain these high-speed modulations even in dense urban settings. Conversely, poor ICS raises the effective noise floor, reducing the device's range and forcing the system to fall back to slower, more robust modulation schemes.

**4. Standardization and Compliance**
Regulatory bodies and standards organizations (such as 3GPP, IEEE, and Bluetooth SIG) define minimum ICS requirements. Manufacturers must test their chips against these standards to ensure devices can coexist in the market without disrupting each other's communications.

### Summary Comparison

| Feature | Adjacent Channel Selectivity (ACS) | In-Channel Selectivity (ICS) |
| :--- | :--- | :--- |
| **Interferer Location** | Neighboring frequency channel | Same frequency channel (or passband) |
| **Primary Defense** | RF Filters (Hardware) | DSP, Coding, Modulation (Software/Algorithm) |
| **Main Challenge** | Filter ""skirt"" steepness | Signal separation & Interference Cancellation |
| **Key Impact** | Prevents bleed-over from neighbors | Enables frequency reuse & high capacity |

In summary, In-Channel Selectivity is a measure of a receiver's ""intelligence"" and focus. As we move toward denser networks and technologies like 6G, ICS is arguably becoming more important than raw receiver sensitivity, because in modern environments, interference is usually a much bigger problem than background thermal noise.",
What are the requirements for the PDCP-SN Length 18 and HFN for PDCP-SN Length 18 in terms of their values?,"The requirements for PDCP-SN Length 18 stipulate that the PDCP sequence number must be an integer within the range of 0 to 262143. This range allows for a substantial number of unique sequence numbers to be utilized, which is essential for high-capacity data transmissions. Similarly, the Hyper Frame Number (HFN) for PDCP-SN Length 18 must also be an integer, but it is restricted to a smaller range of 0 to 16383. This limitation on the HFN is due to its purpose in maintaining synchronization across the network, which does not require as extensive a range as the PDCP sequence number. Together, these requirements ensure efficient data handling in mobile communication systems.<|im_end|>",,"Based on the **3GPP TS 38.323** specification (5G NR Packet Data Convergence Protocol), the requirements and value constraints for the PDCP Sequence Number (SN) Length 18 and the associated Hyper Frame Number (HFN) are as follows:

### 1. PDCP Sequence Number (SN)
When a Data Radio Bearer (DRB) is configured with an **18-bit SN length** via RRC signaling:
*   **Bit Length:** 18 bits.
*   **Value Range:** Integers from **0 to 262,143** ($2^{18} - 1$).
*   **Behavior:** The SN is included in the PDCP header and increments by 1 for each new PDCP Service Data Unit (SDU). Once it reaches the maximum value (262,143), it wraps around back to 0 (modulo $2^{18}$).

### 2. Hyper Frame Number (HFN)
The HFN is not transmitted over the air; it is maintained internally by the PDCP entity at both the transmitter and receiver to extend the sequence space for security (ciphering and integrity protection).
*   **Bit Length:** **14 bits**. The PDCP COUNT value used for security is always 32 bits. Therefore, the HFN length is derived as 32 - 18 = 14 bits.
*   **Value Range:** Integers from **0 to 16,383** ($2^{14} - 1$).
*   **Behavior:** The HFN increments by 1 every time the PDCP SN wraps around (i.e., transitions from 262,143 back to 0). 

### 3. The PDCP COUNT Value
The combination of the HFN and SN forms the 32-bit COUNT value, which is the input for cryptographic algorithms.
*   **Structure:** `[ HFN (14 bits) | SN (18 bits) ]`
*   **Maximum Value:** $2^{32} - 1$ (4,294,967,295).
*   **Security Requirement:** The COUNT value must **not** wrap around completely during the lifetime of a specific security key. If the HFN reaches its maximum value and wraps, the COUNT repeats, compromising security. Therefore, a key change or handover is required before the HFN exhausts its range.

### Initialization Requirements
Upon establishment or re-establishment of a PDCP entity, the transmit and receive state variables (e.g., `TX_NEXT` and `RX_NEXT`) are typically initialized to 0 (HFN=0, SN=0). During handover scenarios, these values may be adjusted or continued based on RRC reconfiguration messages to maintain synchronization and security continuity.

### Summary Table

| Parameter | Bit Length | Minimum Value | Maximum Value | Modulo |
| :--- | :--- | :--- | :--- | :--- |
| **PDCP SN** | 18 | 0 | 262,143 | $2^{18}$ |
| **HFN** | 14 | 0 | 16,383 | $2^{14}$ |
| **COUNT** | 32 | 0 | 4,294,967,295 | $2^{32}$ |",
What are the maximum output power levels for UE Power Class 2 in the uplink inter-band CA configuration CA_n30A-n77A?,"In the uplink inter-band carrier aggregation configuration CA_n30A-n77A, the maximum output power levels for UE Power Class 2 are defined as follows: For Case a, the maximum power is set at 26 dBm for the overall carrier, with both Carrier n12 and Carrier n77 having a maximum output power of 23 dBm each. In Case b, the overall maximum power remains at 26 dBm, but Carrier n12's maximum output power is 23 dBm while Carrier n77 is allowed a higher maximum output power of 26 dBm. This configuration ensures that the power levels are within the operational limits defined for effective communication.<|im_end|>",,"Based on 3GPP specifications, the maximum output power level for UE Power Class 2 (PC2) in the uplink inter-band carrier aggregation configuration CA_n30A-n77A is **26 dBm** (with a typical tolerance of +2.0 dB / -2.5 dB). 

Here is a detailed breakdown of the power levels and technical considerations for this configuration:

### 1. Total Power Ceiling and Distribution
*   **Aggregate Maximum Power:** The 26 dBm limit represents the total combined transmit power across both carriers. The UE cannot exceed this overall limit regardless of how power is distributed.
*   **Power Sharing:** The total power is shared between the component carriers (n30 and n77). While the aggregate power must remain at or below 26 dBm, individual carriers may approach this maximum if the other carrier transmits at a sufficiently low power level. 

### 2. Specification Context
*   **Configuration Details:** Band n30 (2300 MHz, FDD) and Band n77 (3700 MHz, TDD) operate in different frequency ranges, requiring the UE's power amplifier to manage combined peak-to-average power ratios effectively.
*   **Power Class Comparison:** Power Class 2 provides a 3 dB increase over the standard Power Class 3 (PC3), which is limited to 23 dBm. This enhancement is designed to improve uplink coverage.

### 3. Practical Limitations (MPR and A-MPR)
While the nominal hardware capability for PC2 is 26 dBm, the actual configured maximum output power ($P_{CMAX}$) during operation may be lower due to:
*   **Maximum Power Reduction (MPR):** Applied to prevent violating Adjacent Channel Leakage Ratio (ACLR) limits and to manage heat, dependent on modulation schemes and resource block allocations.
*   **Additional MPR (A-MPR):** Applied based on specific regional spectrum emission masks and network signaling.
*   **Power Management (P-MP):** Reductions due to thermal constraints or Specific Absorption Rate (SAR) compliance.",
What are the specified channel bandwidths for NR V2X inter-band concurrent operation in FR1?,"For NR V2X inter-band concurrent operation in frequency range 1 (FR1), the specified channel bandwidths for each operating band include 5, 10, 15, and 20 MHz for NR Band n71 operating on interface Uu, and 10, 20, 30, and 40 MHz for NR Band n47 operating on interface PC5. These configurations are essential for enabling effective communication in vehicle-to-everything (V2X) scenarios, ensuring compatibility between different bands and interfaces. The appropriate selection of bandwidth facilitates optimal performance in varying operational conditions.<|im_end|>",,"According to 3GPP specifications (specifically TS 38.101-1 and TS 38.101-5), the specified channel bandwidths for NR V2X (Sidelink/PC5) inter-band concurrent operation in FR1 are:

*   **10 MHz**
*   **20 MHz**
*   **30 MHz**
*   **40 MHz**
*   **50 MHz**
*   **60 MHz**
*   **80 MHz**
*   **100 MHz**

### Key Technical Details:
1.  **Inter-band Concurrent Operation:** This scenario involves a UE operating in two or more frequency bands simultaneously—such as transmitting/receiving V2X Sidelink (PC5) in one band (e.g., the 5.9 GHz ITS band n47) while maintaining a cellular link (Uu) in another band (e.g., n71). The UE must support the listed bandwidths for the Sidelink carrier, subject to specific RF coexistence requirements (like mitigating in-device coexistence interference) and band combination rules.
2.  **Minimum Bandwidth:** Unlike the NR Uu interface, which can support 5 MHz and 15 MHz in FR1, NR Sidelink (V2X) specifies a minimum channel bandwidth of 10 MHz. 
3.  **Practical Application:** While the standard specifies the full list of bandwidths above, practical deployments in certain regulatory domains or specific ITS bands may practically limit usable bandwidths (often to 10, 20, 30, or 40 MHz) based on local spectrum allocations.",
What triggers the NOTIFICATION CONTROL INDICATION message in the M-NG-RAN node initiated procedure?,"The NOTIFICATION CONTROL INDICATION message is triggered when the M-NG-RAN node needs to notify the S-NG-RAN node regarding SN-terminated bearers. This notification occurs when the resources requested from the M-NG-RAN node can no longer fulfill the Guaranteed Flow Bit Rate (GFBR) requirements, or conversely, when the GFBR can be fulfilled again. This procedure ensures that the S-NG-RAN node is kept informed about the status of resource availability and QoS flow conditions.<|im_end|>",,"Based on 3GPP specifications, the **NOTIFICATION CONTROL INDICATION** message in the M-NG-RAN node initiated procedure is triggered to communicate changes in the ability to fulfill QoS requirements for specific bearers. The triggers depend on whether the message is being sent over the NG interface to the AMF or over the Xn interface to the S-NG-RAN node.

### 1. Triggers over the NG Interface (to the AMF)
The M-NG-RAN node sends this message to the AMF when it detects a change in its ability to satisfy the QoS targets (e.g., Packet Delay Budget, Packet Error Rate) for a QoS Flow where the **Notification Control** feature is enabled. This occurs in two specific scenarios:
*   **QoS Targets No Longer Reachable:** When the M-NG-RAN node determines it can no longer maintain the Guaranteed Flow Bit Rate (GFBR) or QoS targets for the flow.
*   **QoS Targets Reachable Again:** When the M-NG-RAN node determines it can once again fulfill the GFBR or QoS targets for a flow that was previously reported as unable to meet them.

### 2. Triggers over the Xn Interface (to the S-NG-RAN node)
In Multi-RAT Dual Connectivity (MR-DC) scenarios, the M-NG-RAN node must keep the S-NG-RAN node informed regarding Secondary Node (SN)-terminated bearers. The M-NG-RAN node triggers this indication to the S-NG-RAN node under the following conditions:
*   **Resource Status Changes:** When the resources for SN-terminated bearers can no longer fulfill the GFBR requirements, or conversely, when the GFBR can be fulfilled again.
*   **Offloaded QoS Flows:** When the AMF requests notification control (e.g., via an `INITIAL CONTEXT SETUP REQUEST` or `UE CONTEXT MODIFICATION REQUEST`), and the M-NG-RAN node identifies that the relevant QoS Flow is mapped to resources managed by the S-NG-RAN node. The M-NG-RAN node must forward this request so the S-NG-RAN node can monitor the conditions and report back via a `NOTIFICATION CONTROL REPORT`.

### Context and Purpose
This procedure applies to QoS Flows where the QoS Profile includes the Notification Control parameter set to ""Enabled."" It is primarily used for delay-critical Guaranteed Bit Rate (GBR) flows and Background Data Transfer (BDT). By notifying the core network or the secondary node about congestion status and resource availability changes, the network can adjust charging policies, modify the QoS session, or manage signaling loads effectively.",
What enhancements are being considered for SRS configurations in relation to positioning for UEs in RRC_INACTIVE state?,"For UEs in the RRC_INACTIVE state, enhancements related to Sounding Reference Signal (SRS) configurations for positioning are under consideration to minimize the need for frequent RRC connections for SRS (re)configuration. Proposed solutions may involve multiple cells for SRS positioning, addressing various factors such as interference, timing advance, and pathloss. Additionally, options like pre-configuration of SRS for positioning and the activation/request procedures for SRS are being explored. These enhancements aim to streamline the positioning process and improve overall efficiency, which is essential for supporting LPHAP specifications.<|im_end|>",,"In the context of 3GPP 5G NR (specifically Releases 17 and 18), significant enhancements are being standardized to support Sounding Reference Signal (SRS) configurations for positioning UEs in the **RRC_INACTIVE** state. Traditionally, uplink positioning methods (like UL-TDOA or Multi-RTT) required a UE to be in the `RRC_CONNECTED` state. Enabling positioning in `RRC_INACTIVE` reduces power consumption, minimizes signaling overhead, and decreases latency for use cases like IoT tracking, emergency services, and Industrial IoT applications.

The key enhancements being considered and implemented include:

### 1. Pre-configuration of SRS Resources
To avoid the latency of a full RRC connection setup, the network pre-configures SRS resources while the UE is still in the CONNECTED state, before it transitions to INACTIVE.
*   **Mechanism:** The gNB includes specific SRS positioning configuration parameters (e.g., `posSRS-Config` or `SRS-PosResourceSet`) within the **`RRCRelease` message** (specifically inside the `suspendConfig`).
*   **Content:** This configuration includes time/frequency resources, periodicity, comb patterns, bandwidth, and sequence IDs required for the UE to generate and transmit the SRS autonomously.

### 2. Validity Area Management
To prevent interference and manage resources efficiently, the pre-configured SRS transmission is restricted to a specific geographical area.
*   **RAN Notification Area (RNA):** The SRS configuration is typically valid only while the UE remains within its configured RNA. 
*   **Behavior Outside RNA:** If the UE performs cell reselection and moves outside this validity area, it must stop transmitting the pre-configured SRS. To resume positioning, the UE typically needs to perform an RRC Resume procedure to update its configuration.

### 3. Transmission Scheme (Periodic SRS)
Because a UE in `RRC_INACTIVE` does not continuously monitor the Physical Downlink Control Channel (PDCCH) for dynamic scheduling grants (DCI), dynamic triggering is not feasible.
*   **Periodic Transmission:** Enhancements focus exclusively on **Periodic SRS**. The UE transmits the SRS automatically based on the pre-configured periodicity and offset.
*   **No Aperiodic/Semi-Persistent:** Aperiodic SRS (triggered by DCI) and Semi-Persistent SRS (activated by MAC-CE or DCI) are generally not supported in `RRC_INACTIVE` because they require active control channel monitoring that contradicts the Inactive state's power-saving design.

### 4. Open-Loop Power Control
In `RRC_CONNECTED`, the network fine-tunes UE transmit power using closed-loop TPC (Transmit Power Control) commands via DCI. In `RRC_INACTIVE`, this feedback loop is broken.
*   **Pathloss Estimation:** The UE must determine its transmit power using **Open-Loop Power Control**. The configuration includes parameters allowing the UE to estimate pathloss based on downlink reference signals (typically SSB or CSI-RS) that are quasi-collocated with the SRS resources.
*   **Target Power Parameters:** The `RRCRelease` configuration includes target received power levels ($P_0$) and pathloss compensation factors ($\alpha$) specifically tuned for positioning SRS to ensure the signal reaches multiple gNBs without causing excessive interference.

### 5. Security and Sequence Generation
To prevent spoofing and ensure network integrity, the SRS sequence generation must be secured even without an active RRC connection.
*   **Context Retention:** The Last Serving gNB and the UE retain the security context from the previous `RRC_CONNECTED` state. The SRS sequence generation is tied to security parameters available in the Inactive state, often utilizing a specific **`SRS-PosScramblingId`** or keys derived from the stored context.
*   **Privacy:** These enhancements ensure that the SRS transmission cannot be easily spoofed and does not allow unauthorized tracking of the UE by third parties.

### 6. Resource Collision Handling and Network Coordination
The network must manage potential collisions between SRS transmissions and other `RRC_INACTIVE` procedures, as well as coordinate multi-TRP measurements.
*   **Procedure Prioritization:** If the UE initiates Small Data Transmission (SDT) or a RAN Notification Area Update (RNAU) while in the Inactive state, rules are applied to prioritize SDT/RNAU resources over Positioning SRS, or to temporarily suspend SRS transmission.
*   **Context Retrieval:** For UL-TDOA to work, multiple base stations (TRPs) must receive the SRS. When a neighboring gNB detects the SRS from an Inactive UE, it must associate that signal with the correct UE context. This requires coordination between the Last Serving gNB (which holds the context) and observing gNBs via the Xn interface, allowing the Location Management Function (LMF) to request measurements without forcing a state transition.

### Summary of Benefits
By enabling ""Positioning in RRC_INACTIVE,"" these enhancements allow rapid location updates without the high power cost of transitioning to `RRC_CONNECTED`. This is critical for low-power, massive IoT devices, and commercial applications that require frequent, high-accuracy tracking without sacrificing battery life.",
"What are the different formats of Buffer Status Report (BSR) MAC CEs, and how are they identified?","Buffer Status Report (BSR) MAC CEs consist of four different formats: Short BSR format, Long BSR format, Short Truncated BSR format, and Long Truncated BSR format. The BSR formats are identified by MAC subheaders, specifically using Logical Channel Identifiers (LCIDs) as outlined in the specification. Each format serves specific purposes in reporting the buffer status of logical channel groups, which is essential for efficient resource allocation in wireless communication systems.<|im_end|>",,"In both LTE (4G) and 5G NR, the **Buffer Status Report (BSR)** is a MAC Control Element (CE) used by the User Equipment (UE) to inform the network (eNB or gNB) about the amount of data waiting in its uplink buffers. This allows the network to allocate uplink resources efficiently.

### 1. BSR Formats
3GPP specifications define four BSR formats. These formats report buffer sizes for **Logical Channel Groups (LCGs)** rather than individual logical channels. LTE supports up to 4 LCGs (ID 0–3), while 5G NR supports up to 8 LCGs (ID 0–7).

*   **Short BSR:** Used when data is available for transmission for **only one** LCG. It contains the LCG ID and a single Buffer Size field.
*   **Long BSR:** Used when data is available for transmission for **more than one** LCG. It contains a Buffer Size field for every supported LCG simultaneously, eliminating the need for individual LCG IDs.
*   **Short Truncated BSR:** Used when multiple LCGs have data, but the available padding space in the MAC PDU is only large enough to fit a Short BSR. It has the same structure as a Short BSR and reports only the highest-priority LCG.
*   **Long Truncated BSR (5G NR specific):** Used when multiple LCGs have data, but the available padding space is large enough to fit more than a Short BSR, yet not large enough for a full Long BSR. It reports a subset of the LCGs (e.g., the first 4 out of 8 in NR).

### 2. How BSR Formats are Identified
The receiver (the base station) identifies the format of a MAC CE by inspecting the **MAC Subheader** that precedes the CE within a MAC PDU. 

*   **LCID (Logical Channel ID):** This field within the subheader indicates the type of MAC CE. Specific reserved LCID values correspond to specific BSR formats. When the receiver parses the MAC PDU and sees a BSR-specific LCID, it knows exactly how many bytes to read and how to interpret the payload.

#### LTE vs. 5G NR Identification Differences
*   **LTE (3GPP TS 36.321):** The Short, Long, and Truncated BSR formats each have their own unique reserved LCID values.
*   **5G NR (3GPP TS 38.321):** There is no separate LCID for the Short Truncated BSR. The ""Truncated"" behavior is defined by the triggering logic (limited padding space), but the CE is identified using the **Short BSR LCID**. The Long Truncated BSR, however, uses the Long BSR LCID.

### 3. Payload Structure and Buffer Size Interpretation
While the exact bit lengths and payload sizes differ between LTE and NR to accommodate 4 versus 8 LCGs, the underlying structure logic remains consistent:

*   **Structure:** A Short BSR in LTE is 1 byte (2-bit LCG ID + 6-bit Buffer Size), while a Long BSR is 3 bytes (four 6-bit Buffer Size fields). In NR, sizes are adjusted (e.g., Short BSR uses a 3-bit LCG ID and 5-bit Buffer Size) to support 8 LCGs.
*   **Buffer Size Field:** In all formats, the Buffer Size field is not a direct byte count. It is an **index (0–63)** mapped to a standardized lookup table shared by the UE and the network. This mapping is non-linear—more granular for small packet sizes and coarser for large packet sizes—allowing the UE to report buffer status efficiently without using excessive bits.",
How is the RRC connection release with redirection procedure initiated in RedCap UE?,"The RRC connection release with redirection procedure in RedCap UE is initiated through the transmission of an *RRCRelease* message. This message contains instructions for the UE to release its current RRC connection and redirect to either an E-UTRAN or NR network, as specified in the relevant technical specifications. The details and specific steps involved in this procedure are outlined in clause 5.3.8 of TS 38.331, ensuring that the transition is handled correctly and efficiently. By utilizing this structured approach, the procedure aims to optimize resource management and maintain service quality during network transitions.<|im_end|>",,"In 3GPP Release 17, the **RRC Connection Release with Redirection** procedure for a RedCap (Reduced Capability) UE is **initiated by the network (gNB)**, not the UE. While the signaling mechanism is identical to that of a standard 5G NR UE, the network's decision logic is specifically tailored to the RedCap device's constraints.

Here is a detailed breakdown of how the procedure is initiated and executed:

### 1. Prerequisite: RedCap Identification
Before the network can apply RedCap-specific mobility policies, it must identify the UE as a RedCap device. During the initial connection setup, the UE sends its capabilities via the `UECapabilityInformation` message, which includes a `reducedCapability` indicator. This informs the gNB of the UE's limitations, such as maximum 20 MHz bandwidth in FR1, 1 RX antenna, or half-duplex FDD support.

### 2. Network Decision Logic (Triggers)
The gNB decides to initiate redirection based on internal algorithms and the UE's RedCap status. Common triggers include:
*   **Steering to RedCap-Optimized Layers:** The network may redirect a RedCap UE from a legacy wideband carrier to a dedicated frequency layer optimized for reduced bandwidth or specific power-saving configurations.
*   **Access Control Changes:** If the current cell can no longer support RedCap UEs (e.g., due to dynamic load or SIB1 barring configurations), the gNB will redirect the UE to a compatible cell.
*   **Coverage Optimization:** Because RedCap UEs often have reduced receive antennas, the gNB may redirect them to a lower frequency band with better propagation characteristics if link quality degrades.
*   **Load Balancing:** To prevent sporadic RedCap traffic from congesting high-priority mobile broadband (eMBB) carriers, the network may redirect these UEs to less loaded carriers.

### 3. The Signaling Process
The procedure is a ""break-before-make"" process, meaning the UE disconnects from the current cell before acquiring a new one.

*   **Step A: The `RRCRelease` Message:** The gNB transmits an `RRCRelease` message to the UE on the Dedicated Control Channel (DCCH). 
*   **Step B: The `redirectedCarrierInfo` IE:** To make this a redirection rather than a standard release, the gNB includes the **`redirectedCarrierInfo`** Information Element. This specifies the target frequency (ARFCN) and target RAT (NR or E-UTRA) the UE should camp on. The gNB may also include `idleModeMobilityControlInfo` to set cell reselection priorities or a `suspendConfig` to transition the UE to `RRC_INACTIVE` rather than `RRC_IDLE`.

### 4. UE Action
Upon receiving the `RRCRelease` message with redirection instructions:
1.  The RedCap UE releases the current RRC connection and resets the MAC layer.
2.  It transitions to `RRC_IDLE` or `RRC_INACTIVE`.
3.  The UE tunes its radio to the frequency indicated in `redirectedCarrierInfo` and performs cell selection.
4.  Before camping, the UE checks the target cell's SIB1 to ensure `redCapAccessAllowed` is true and that the cell can configure an Initial Downlink BWP that fits within the UE's bandwidth limitations. 
5.  Once a suitable cell is found, the UE camps on it and may initiate a new RRC setup procedure if it has pending data.

### Summary
The procedure is initiated by the **gNB sending an `RRCRelease` message containing the `redirectedCarrierInfo` IE**. The ""RedCap"" aspect lies not in a new protocol message, but in the network's policy engine, which uses the UE's identified RedCap status to decide *when* to redirect and *which* target frequency (optimized for Reduced Capability) to select.",
What factors were considered in the investigation of spectrum utilization for NR compared to LTE?,"The investigation into spectrum utilization for New Radio (NR) compared to LTE considered several factors, including spectrum utilization efficiency, implementation complexity on both RF and digital baseband sides, signaling complexity, specifications workload, and testing burden. The feasibility study concluded that NR can achieve a spectrum utilization above 90%, indicating that NR has the potential for better spectrum efficiency than LTE. This suggests advancements in technology and methodologies that could enhance overall network performance.<|im_end|>",,"When investigating spectrum utilization for 5G New Radio (NR) compared to LTE, engineers, regulators, and standards bodies analyze a distinct set of technical, physical, and operational factors. The investigation shifts from LTE's coverage-centric mobile broadband model to an NR framework designed for extreme capacity, low latency, and massive connectivity across diverse use cases (eMBB, URLLC, and mMTC).

Key factors considered in these investigations include:

### 1. Frequency Range and Bandwidth Scalability
*   **LTE:** Primarily operates in the sub-3 GHz range with a rigid set of channel bandwidths (up to 20 MHz per carrier), relying on Carrier Aggregation (CA) to bond smaller blocks for higher speeds.
*   **NR:** Expands into FR1 (Sub-7 GHz) and FR2 (mmWave, 24–52 GHz), supporting much wider contiguous bandwidths (up to 100 MHz in FR1 and 400 MHz in FR2). 
*   **Investigation Factor:** Investigators analyze path loss, penetration, and bandwidth contiguity. Wider NR blocks reduce the relative percentage of spectrum lost to guard bands compared to aggregating multiple narrow LTE carriers.

### 2. Waveform Numerology and Subcarrier Spacing (SCS)
*   **LTE:** Uses a fixed 15 kHz SCS and a rigid 1 ms transmission time interval (TTI).
*   **NR:** Introduces scalable numerology where SCS scales by powers of two (15, 30, 60, 120, 240 kHz).
*   **Investigation Factor:** Wider SCS in NR reduces symbol duration, lowering latency for URLLC and providing robustness against phase noise and Doppler shifts in high-frequency bands. Investigators measure the trade-off between this lower latency and the potential increase in Cyclic Prefix (CP) overhead.

### 3. Reference Signal and Control Channel Overhead
*   **LTE:** Transmits ""always-on"" Cell-specific Reference Signals (CRS) continuously across the entire bandwidth. The Physical Downlink Control Channel (PDCCH) also occupies the first few symbols of every subframe across the full band.
*   **NR:** Utilizes user-specific, on-demand Demodulation Reference Signals (DMRS) and localizes control resources in Control Resource Sets (CORESET).
*   **Investigation Factor:** NR's design significantly reduces ""always-on"" overhead, leaving a higher percentage of spectrum available for user data (payload). This is a primary driver for NR achieving a spectrum utilization efficiency above 90%.

### 4. Antenna Technology: Massive MIMO and Beamforming
*   **LTE:** Typically uses 2x2 or 4x4 MIMO with sector-wide transmission.
*   **NR:** Designed from the ground up for Massive MIMO (e.g., 64T64R) and 3D beamforming.
*   **Investigation Factor:** Spatial Spectrum Efficiency (bits/Hz/cell). Investigations measure how NR's precise beam steering allows the same frequency resources to be reused simultaneously for different users in the same cell (Spatial Division Multiple Access), drastically increasing capacity density.

### 5. Duplexing and Frame Structure Flexibility
*   **LTE:** Heavily reliant on FDD (paired spectrum). TDD configurations are semi-static, requiring network reconfiguration to change Uplink/Downlink (UL/DL) ratios.
*   **NR:** Optimized for Dynamic TDD, allowing slot-by-slot UL/DL ratio changes based on immediate traffic demand. NR also introduces self-contained slots and ""mini-slots"" for instant spectrum utilization.
*   **Investigation Factor:** Traffic asymmetry. Dynamic TDD ensures spectrum is not wasted when one direction is idle, though investigators must model the resulting cross-link interference challenges.

### 6. Coexistence with Legacy Systems and Sharing Frameworks
*   **DSS and NSA:** Since 5G is deployed alongside 4G, investigations focus on Dynamic Spectrum Sharing (DSS) and Non-Standalone (NSA) architectures. A key consideration is the overhead cost of maintaining LTE CRS signals within an NR carrier to support legacy devices, which reduces NR's peak spectral efficiency during the transition period.
*   **Regulatory Frameworks:** NR introduces operation in unlicensed bands (NR-U) and shared spectrums (like CBRS). Investigations analyze coexistence mechanisms, out-of-band emissions (OOBE), and interference protection to ensure denser spectrum packing without violating stricter emission masks.

### 7. Modulation and Coding Schemes (MCS)
*   **LTE:** Typically supports up to 256-QAM.
*   **NR:** Supports up to 1024-QAM in ideal conditions.
*   **Investigation Factor:** Investigators analyze the Signal-to-Noise Ratio (SNR) requirements needed to sustain higher-order modulation. While NR can push more bits per Hz, it requires cleaner spectrum, which influences how spectrum is planned at the cell edge.

### 8. Implementation Complexity
*   Beyond radio frequency performance, the investigation also weighed implementation complexity on both the RF and digital baseband sides, signaling complexity, specifications workload, and the testing burden. The feasibility study concluded that the technological advancements were viable without prohibitive complexity.

### Summary
| Factor | LTE (4G) | NR (5G) | Impact on Utilization |
| :--- | :--- | :--- | :--- |
| **Frequency & Bandwidth** | Sub-3 GHz, max 20 MHz carriers | Sub-7 GHz & mmWave, up to 400 MHz | **NR wins:** Wider contiguous blocks reduce relative guard band overhead. |
| **Numerology** | Fixed 15 kHz SCS | Scalable SCS (15–240 kHz) | **NR wins:** Optimized for frequency-specific phase noise and latency. |
| **Reference Signals** | Always-on (CRS) | On-demand (DMRS) | **NR wins:** Significantly less overhead, maximizing payload capacity. |
| **Duplexing** | Static/Semi-static TDD & FDD | Dynamic TDD | **NR wins:** Better traffic matching; prevents idle spectrum waste. |
| **Antenna Tech** | Sector-wide (up to 4x4 MIMO) | Massive MIMO & Beamforming | **NR wins:** Aggressive spatial reuse increases capacity density. |

In conclusion, investigations generally determine that **NR provides significantly higher spectrum utilization efficiency**—often exceeding 90%. This is achieved primarily through the removal of always-on reference signals, flexible numerology, wider contiguous bandwidths, and massive MIMO, shifting the paradigm from simple coverage to dynamic, high-capacity spatial and temporal utilization.",
Why is it important to test all TAB connectors under the SAN type 1-H procedure?,"Testing all TAB connectors under the SAN type 1-H procedure is crucial to ensure that each connector meets the established minimum requirements for conformance. This comprehensive testing approach helps identify any potential issues that may affect performance, such as signal integrity or interference susceptibility. By systematically testing each connector, engineers can verify that the connectors function correctly under specified conditions, which is essential for maintaining the reliability and efficiency of the overall system. Ensuring conformance through thorough testing minimizes the risk of performance degradation in real-world applications, ultimately enhancing the quality and robustness of the network.<|im_end|>",,"While the specific ""SAN type 1-H procedure"" is likely a proprietary or highly specialized standard (common in defense, aerospace, or nuclear industries) rather than a universal commercial IT standard, the requirement to test **all** TAB (Test Access Bus/Terminal Assembly Board) connectors is rooted in critical engineering and Quality Assurance (QA) principles. 

In ""Type 1"" classifications—which typically denote the highest level of criticality—statistical sampling is insufficient. Here is why 100% testing of all TAB connectors is mandatory under such procedures:

### 1. Elimination of Single Points of Failure (SPOF)
High-reliability architectures rely on redundancy to ensure continuous operation. If only a sample of connectors is tested, a latent defect could remain hidden on a redundant path. If the primary path fails, the system attempts to failover to the secondary path; if that path fails due to the untested connector, a total system outage occurs. Testing all connectors ensures that redundancy is actually functional.

### 2. Detection of Latent and Intermittent Defects
Connectors are mechanical devices subject to workmanship errors (e.g., bent pins, poor crimping, under-insertion) and environmental stress (vibration, thermal expansion). Many faults are intermittent—passing basic tests but failing under operating conditions. A rigorous ""1-H"" procedure (which may involve electrical stress or environmental testing) applies conditions to ""shake out"" these latent defects before deployment, ensuring every physical mating point is secure.

### 3. Signal Integrity and High-Speed Performance
In high-speed data environments, the physical layer is highly sensitive. A poorly seated or defective TAB connector can introduce impedance mismatches, signal reflections, or crosstalk. This leads to packet loss, CRC errors, and degraded throughput. Testing every connector validates that the entire channel meets strict loss and return-loss budgets, preventing a single weak point from corrupting data across the network.

### 4. Ensuring Diagnostic Availability
TAB connectors often serve as physical interfaces for troubleshooting and monitoring network traffic without interrupting operations. If a diagnostic connector is defective, the system loses its ""emergency exit"" for data troubleshooting during a future crisis. In mission-critical systems, losing diagnostic capability is itself considered a failure, necessitating verification of every access point.

### 5. Hazardous Environment and Safety Compliance
If the ""H"" in ""Type 1-H"" denotes a Hazardous (or High-Integrity) environment, a loose or high-resistance connector could generate heat or sparks. In the presence of flammable gases or dust, a single faulty connection can cause a catastrophic event. Regulatory compliance in these environments mandates 100% verification of mechanical and electrical integrity to prevent ignition sources.

### 6. Accountability and Traceability
Strict QA procedures require documented test records for every individual termination point. Testing all connectors creates a traceable data log verifying that the assembly process was executed correctly and no connector was damaged during installation. In regulated industries, skipping tests voids safety certifications and legal compliance.

### Summary
In critical systems, reliability cannot be statistically sampled. Testing 100% of TAB connectors under a Type 1-H procedure prioritizes risk mitigation over speed, ensuring zero defects in the connection infrastructure and preventing catastrophic data loss, safety hazards, or system downtime.",
What are the supported bandwidths for the CA_n41A-n71A configuration in terms of NR bands and SCS?,"The CA_n41A-n71A configuration supports two NR bands: n41 and n71, with a subcarrier spacing (SCS) of 15 kHz. For this configuration, the supported bandwidths are 10 MHz, 15 MHz, and 30 MHz in both uplink and downlink. At 30 kHz SCS, the supported bandwidths increase to 10 MHz, 15 MHz, and 20 MHz. At 60 kHz SCS, the configuration also supports 10 MHz, 15 MHz, and 20 MHz. Finally, no bandwidth combinations are prescribed for 40 MHz or higher. This configuration allows for flexible deployment options within the specified bandwidths.<|im_end|>",,"Based on the 3GPP specifications (specifically TS 38.101-1 and TS 38.101-3), the **CA_n41A-n71A** configuration refers to an Inter-Band Carrier Aggregation combination between NR Band n41 (2.5 GHz TDD) and NR Band n71 (600 MHz FDD). The suffix **""A""** denotes Bandwidth Class A, which defines the maximum transmission bandwidth configuration for each band within this aggregation.

Below are the supported bandwidths and Subcarrier Spacing (SCS) details for each component carrier:

### 1. NR Band n41 (TDD)
Band n41 is typically used as the capacity layer in this combination.
*   **Maximum Channel Bandwidth:** 100 MHz
*   **Supported Bandwidths:** 20, 40, 50, 60, 80, and 100 MHz.
*   **Supported SCS:** 15 kHz, 30 kHz, and 60 kHz.
*   *Note:* To utilize the full 100 MHz Class A bandwidth, a minimum of 30 kHz SCS is required. 15 kHz SCS is limited to smaller channel bandwidths (e.g., up to 50 MHz). 30 kHz is the standard deployment choice to balance coverage and latency.

### 2. NR Band n71 (FDD)
Band n71 is typically used as the coverage layer.
*   **Maximum Channel Bandwidth:** 20 MHz
*   **Supported Bandwidths:** 5, 10, 15, and 20 MHz.
*   **Supported SCS:** 15 kHz and 30 kHz.
*   *Note:* 15 kHz is the standard SCS for low-band NR to maximize coverage and maintain compatibility with LTE Band 71 deployments.

### Summary Table

| Component Carrier | NR Band | Duplex | Supported Bandwidths | Max Bandwidth (Class A) | Supported SCS |
| :--- | :--- | :--- | :--- | :--- | :--- |
| **CC1** | **n41** | TDD | 20, 40, 50, 60, 80, 100 MHz | 100 MHz | 15, 30, 60 kHz |
| **CC2** | **n71** | FDD | 5, 10, 15, 20 MHz | 20 MHz | 15, 30 kHz |

### Key Technical Considerations
*   **Total Aggregated Bandwidth:** Up to 120 MHz (100 MHz from n41 + 20 MHz from n71).
*   **SCS Independence:** Because this is an Inter-Band combination, the SCS for n41 and n71 can be selected independently. The UE must be capable of handling multiple SCS simultaneously (e.g., 30 kHz on n41 and 15 kHz on n71).
*   **Deployment Context:** This configuration is predominantly used by T-Mobile US to combine the wide-area coverage of 600 MHz (n71) with the high throughput of 2.5 GHz (n41). In this setup, n71 often serves as the Primary Cell (PCell) for coverage and uplink stability, while n41 serves as the Secondary Cell (SCell) for high capacity.",
What are the adjacent channel selectivity requirements for intra-band non-contiguous carrier aggregation operating below 2700 MHz?,"For intra-band non-contiguous carrier aggregation with downlink and uplink frequencies both below 2700 MHz, the adjacent channel selectivity requirements are determined based on the uplink configuration specified in Table 7.3A.0.2.2-1. The User Equipment (UE) must meet these requirements for each downlink sub-block, which should each be at least 5 MHz wide. The UE is required to handle a single adjacent channel interferer, whether in-gap or out-of-gap, with power levels up to -25 dBm while all downlink carriers are active. For the lower test parameters (Case 1), the interferer power is set to the maximum specified levels for the respective sub-blocks, and the wanted signal power levels must be adjusted accordingly. For the upper range (Case 2), where the interferer power is -25 dBm, similar adjustments to the wanted signal power levels are required. Therefore, the UE must demonstrate robust performance under these selected conditions to satisfy the adjacent channel selectivity criteria.<|im_end|>",,"Based on 3GPP Technical Specifications (such as TS 36.101 for LTE User Equipment and TS 36.104 for Base Stations), the Adjacent Channel Selectivity (ACS) requirements for intra-band non-contiguous carrier aggregation (CA) operating below 2700 MHz are defined as follows:

### 1. General Principle
In an intra-band non-contiguous CA configuration, the component carriers (CCs) are located within the same frequency band but are separated by a gap. For User Equipment (UE), the ACS requirement for each downlink CC is identical to the single-carrier ACS requirement for its specific channel bandwidth. The receiver must be able to reject interfering signals located either in the gap between the aggregated carriers (in-gap) or immediately outside the aggregated block (out-of-gap).

### 2. ACS Values
The specific ACS requirement depends on the channel bandwidth ($BW_{channel}$) of the individual CC. For operating bands below 2700 MHz, the standard requirements are:
*   **1.4 MHz:** 20 dB
*   **3 MHz:** 25 dB
*   **5 MHz:** 28 dB
*   **10 MHz:** 30 dB
*   **15 MHz:** 33 dB
*   **20 MHz:** 33 dB

### 3. Test Conditions (Cases 1 and 2)
During conformance testing, the UE must maintain at least 95% of the maximum throughput while an E-UTRA interfering signal is present. The test parameters are divided into two cases:
*   **Case 1:** The interferer power is set to the maximum specified levels based on the respective sub-block bandwidths, and the wanted signal power levels are adjusted accordingly.
*   **Case 2:** The interferer power is set to a fixed -25 dBm (for sub-blocks at least 5 MHz wide), with corresponding adjustments to the wanted signal power.

### 4. Base Station Considerations
For Base Stations (BS), the formal ACS test case is generally considered ""Not Applicable"" for intra-band non-contiguous CA. Instead of ACS, receiver selectivity and interference in the gap between carriers are validated through In-band Blocking requirements (per 3GPP TS 36.104). 

### Summary
For UEs, the ACS requirement for intra-band non-contiguous CA relies on the standard single-carrier ACS values (typically 30 dB for 10 MHz and 33 dB for 20 MHz CCs). The primary challenge lies in the filter design required to reject interference in the gap between carriers while maintaining sensitivity. For base stations, in-band blocking requirements are used instead of ACS to ensure robust performance in non-contiguous deployments.",
What are the implications of reporting CSI-RS based L3 measurements when the timing offset exceeds one CP?,"When the timing offset between the reference measurement timing and the target CSI-RS in one layer exceeds one CP, the UE is not required to report CSI-RS based L3 measurements. If the UE does report these measurements under such conditions, it may not meet the accuracy requirements specified for CSI-RSRP, CSI-RSRQ, and CSI-SINR. These accuracy requirements are only applicable when the timing offset is no larger than one CP. Therefore, reporting measurements under these circumstances could lead to inaccurate results, which could affect network performance and user experience.<|im_end|>",,"Reporting CSI-RS (Channel State Information Reference Signal) based Layer 3 (L3) measurements—such as CSI-RSRP, CSI-RSRQ, and CSI-SINR—when the timing offset exceeds one Cyclic Prefix (CP) has severe implications for physical layer integrity, measurement accuracy, and overall network mobility.

In OFDM systems (like 5G NR and LTE), the CP is designed to absorb multipath delay spread and tolerate minor synchronization errors. When the timing offset exceeds the CP duration, the fundamental orthogonality of the subcarriers is compromised, leading to the following implications:

### 1. Physical Layer Implications: Loss of Orthogonality
The most immediate consequence is the breakdown of the OFDM structure.
*   **Inter-Carrier Interference (ICI):** The FFT window captures data from adjacent OFDM symbols or misses part of the current symbol. This destroys subcarrier orthogonality, causing signal energy to leak across subcarriers.
*   **Inter-Symbol Interference (ISI):** The tail of the previous symbol spills into the current symbol's FFT window.
*   **Channel Estimation Corruption:** CSI-RS relies on precise orthogonality for accurate channel estimation. If the reference symbols are corrupted by ICI/ISI, the channel estimate becomes erroneous, invalidating any coherent accumulation used during measurement.

### 2. Measurement Accuracy Implications (RRM)
L3 measurements rely on the accurate detection of energy on specific Resource Elements (REs). When the CP limit is violated, these metrics become physically unreliable:
*   **RSRP Inaccuracy:** Due to ICI, signal energy spreads across adjacent subcarriers. The UE may underestimate RSRP because energy has leaked out of the measured REs. Conversely, if ICI adds interference power into the measured REs, it could result in overestimation.
*   **SINR/RSRQ Collapse:** The interference caused by the timing offset acts as additional noise, raising the noise floor. This causes RSRQ and SINR to degrade significantly, even if the actual signal strength is strong.
*   **Measurement Variance:** Timing offsets often fluctuate due to UE movement or oscillator drift. If the offset hovers around the CP limit, measurement reports become highly unstable, leading to a ""ping-pong"" effect where reported quality oscillates rapidly.

### 3. Mobility and Handover Implications
Because L3 measurements drive Radio Resource Management (RRM) decisions, these inaccuracies lead to flawed network operations:
*   **Erroneous Handovers:** Underestimating RSRP can lead to late handovers and potential Radio Link Failure (RLF) before the handover completes. Overestimating RSRP might trigger a handover to a cell that is actually too weak, also resulting in RLF.
*   **Cell Detection Failure:** CSI-RS detection relies on correlating the received signal with a known sequence. High ICI/ISI reduces the correlation peak, potentially causing false detections or making the cell entirely ""invisible"" for mobility purposes. In extreme cases, the physical layer may declare an ""Out-of-Sync"" state.

### 4. Beam Management Implications (5G NR)
In 5G NR, CSI-RS is heavily used for beam management (L1-RSRP reporting which influences L3 decisions).
*   **Wrong Beam Selection:** Beam management relies on comparing the strength of different CSI-RS resources. If a timing offset affects beams differently, the UE might report a sub-optimal beam as the strongest.
*   **Beam Failure Recovery (BFR):** If the timing offset persists on the serving beam, the UE might unnecessarily declare a Beam Failure, triggering BFR procedures that increase latency and signaling overhead.

### 5. 3GPP Specification and Compliance Context
From a standards perspective (e.g., 3GPP TS 38.133 for NR):
*   **Validity Conditions:** RRM accuracy requirements are only applicable when the UE is time-synchronized to the cell within the CP limit. If the timing offset exceeds one CP, the UE is **not required** to meet these accuracy specifications, and the reported values are essentially undefined from a compliance standpoint.
*   **Network Mitigation:** To handle scenarios with inherently large delay spreads, networks can utilize Extended CP (available for specific subcarrier spacings) or apply measurement restrictions to smooth out variance, though this increases measurement latency.

### Summary
If a UE reports CSI-RS based L3 measurements while the timing offset exceeds one CP, the reports are physically unreliable and non-compliant with 3GPP accuracy requirements. The network should treat such measurements with low confidence, as they can trigger unnecessary handovers, beam failures, and connection drops. In a properly functioning system, the UE's time-tracking loop should correct the timing offset to keep it well within the CP duration before L3 filtering and reporting occur.",
What is the role of the EM in the Management Based Trace Activation process in MR-DC with 5GC?,"The EM, or Element Management, plays a crucial role in the Management Based Trace Activation process by providing the MDT (Minimization of Drive Tests) configuration to both the Mobile Node (MN) and the Serving Node (SN) independently. This MDT configuration includes parameters necessary for trace activation, such as the anonymization parameter, which is set to IMEI-TAC in this context. This configuration allows the gNB-CU-CP, gNB-CU-UP, and gNB-DU to select suitable User Equipments (UEs) for data collection, ensuring compliance with privacy requirements while facilitating effective trace data management.<|im_end|>",,"In the context of **Multi-Radio Dual Connectivity (MR-DC)** with a **5G Core (5GC)**, the **Element Manager (EM)** acts as the central OAM (Operations, Administration, and Maintenance) orchestrator for the **Management Based Trace Activation** process. Unlike *Signaling Based* trace activation, which is initiated by the Core Network (AMF), Management Based tracing is triggered directly by the EM via the management interface, bypassing 5GC control plane signaling.

Here is a detailed breakdown of the EM's role in this process:

### 1. Initiation and Configuration
The EM serves as the entry point for the network operator to define and trigger the trace session. 
* **Command Generation:** The EM translates high-level operator requests into specific management commands (typically over the **Itf-N** interface) directed at the NG-RAN nodes.
* **Target Selection:** In an MR-DC scenario, the EM targets the **Master Node (MN)**, which holds the control plane connection to the 5GC. Depending on the management topology, it may also target the **Secondary Node (SN)** directly.
* **Parameter Provisioning:** The EM provisions the necessary trace parameters, including the Trace Reference, Trace Depth, UE identity (e.g., SUPI, PEI), and the IP address of the **Trace Collection Entity (TCE)** where the trace records should be sent.

### 2. MR-DC Coordination and Synchronization
Because MR-DC splits the user and control planes across an MN and an SN, the EM ensures coherent and correlated trace coverage across both nodes.
* **Trace Propagation:** The EM typically activates the trace job on the MN. Once the MN identifies a UE matching the trace criteria, it propagates the trace activation to the SN via **Xn Application Protocol (XnAP)** signaling (e.g., *S-NODE ADDITION REQUEST*). Alternatively, if the EM manages the SN as a separate network element, it can configure the SN directly.
* **Consistency:** Whether configuring the SN directly or relying on the MN, the EM ensures that identical trace session parameters—specifically the **Trace Reference** and TCE address—are used across both nodes. This allows the TCE to successfully correlate trace records coming from two different physical nodes for the same UE session.

### 3. Lifecycle Management
The EM retains full control over the lifecycle of the trace session:
* **Activation:** Commands the nodes to start recording data for the target UE.
* **Modification:** Pushes updates mid-trace if the operator changes parameters (e.g., increasing the Trace Depth).
* **Deactivation:** Sends a deactivation command to the MN and SN to stop data collection, release resources, and prevent local storage from filling up.

### 4. Distinction from Signaling Based Trace
It is crucial to distinguish the EM's role from the 5GC's role:
* **Signaling Based:** AMF $\rightarrow$ MN $\rightarrow$ SN (Triggered by Core signaling).
* **Management Based:** **EM** $\rightarrow$ MN $\rightarrow$ SN (Triggered by OAM management commands).

In summary, the EM acts as the central configurator that defines *what* to trace, *who* to trace, and *where* to send the data. By ensuring consistent provisioning across the distributed MR-DC architecture, the EM enables end-to-end visibility and correlated troubleshooting of the dual-connectivity session without involving 5GC signaling procedures.",
What are the key parameters defined for the PDCCH transmission during the out-of-sync evaluation for BLER Configuration #0?,"The key parameters for PDCCH transmission during the out-of-sync evaluation for BLER Configuration #0 include: DCI format set to 1-0, number of control OFDM symbols as 2, aggregation level (CCE) at 8, and a bandwidth of 24 PRBs. The ratios of hypothetical PDCCH RE energy to average SSS RE energy and hypothetical PDCCH DMRS energy to average SSS RE energy are both specified at 4 dB. The sub-carrier spacing is determined by the active DL BWP, with a DMRS precoder granularity aligned to REG bundle size of 6. The CP length is normal, and the mapping from REG to CCE is distributed. These parameters are crucial for ensuring effective resource mapping and control in the communication process.<|im_end|>",,"Based on 3GPP 5G NR specifications (specifically TS 38.133), the out-of-sync evaluation for BLER Configuration #0 defines a hypothetical PDCCH transmission used to determine the $Q_{out}$ threshold (10% BLER). The key parameters for this configuration are:

*   **DCI Format:** 1-0
*   **Aggregation Level (CCE):** 8
*   **Number of Control OFDM Symbols:** 2
*   **Bandwidth:** 24 PRBs
*   **Sub-carrier Spacing:** Determined by the active Downlink BWP
*   **Cyclic Prefix (CP):** Normal
*   **REG-to-CCE Mapping:** Distributed
*   **DMRS Precoder Granularity:** Aligned to a REG bundle size of 6
*   **Energy Ratios:** 
    *   Hypothetical PDCCH RE energy to average SSS RE energy: 4 dB
    *   Hypothetical PDCCH DMRS energy to average SSS RE energy: 4 dB

These parameters establish a standardized baseline to evaluate radio link quality, ensuring reliable resource mapping and control signaling before the connection is declared out-of-sync.",
How does the gNB-CU-CP handle specific information elements included in the GNB-CU-UP CONFIGURATION UPDATE message?,"The gNB-CU-CP has specific procedures for handling various information elements included in the GNB-CU-UP CONFIGURATION UPDATE message. For example, if the *Supported PLMNs* IE is present, the gNB-CU-CP will overwrite the existing list with the new information. Similarly, for the *Slice Support List*, *NR CGI Support List*, *QoS Parameters Support List*, and *NPN Support Information*, the gNB-CU-CP will replace any existing information with the new data provided in the update message. Additionally, if the *gNB-CU-UP Capacity* IE is included, the gNB-CU-CP must take this into account. This systematic approach allows the gNB-CU-CP to maintain updated and accurate configuration data to support efficient network operations.<|im_end|>",,"Based on the 3GPP TS 38.463 (E1 Application Protocol) specification, the gNB-CU-CP (Central Unit - Control Plane) handles the GNB-CU-UP CONFIGURATION UPDATE message to synchronize the CU-UP's capabilities, resources, and configuration without tearing down the E1 association. 

Here is a detailed breakdown of how the gNB-CU-CP processes the specific Information Elements (IEs) within this message:

### 1. General Procedure Flow and Validation
Upon receiving the message, the gNB-CU-CP performs the following high-level steps:
*   **Message Decoding & Criticality Handling:** Checks the criticality level assigned to each IE (Reject, Ignore, or Notify) as per standard E1AP rules.
*   **Semantic Validation:** Verifies that the values make sense in the current context (e.g., the PLMN is allowed, the TNL address is reachable).
*   **Context Update:** If valid, updates its internal configuration record and routing tables associated with that specific gNB-CU-UP.
*   **Response:** Sends either a `GNB-CU-UP CONFIGURATION UPDATE ACKNOWLEDGE` or a `GNB-CU-UP CONFIGURATION UPDATE FAILURE`.

### 2. Handling of Specific Information Elements
The gNB-CU-CP processes specific IEs differently based on their function:

*   **Supported PLMN List:** The CU-CP overwrites the existing list with the new information. It cross-references this list with the PLMNs broadcast by the cells. This is vital for Multi-Operator Core Network (MOCN) scenarios. If a PLMN is removed, the CU-CP may trigger the release of existing bearers associated with that PLMN.
*   **Slice Support List, NR CGI Support List, QoS Parameters Support List, and NPN Support Information:** For these IEs, the CU-CP systematically replaces any existing information with the new data provided in the update message to maintain accurate capability profiles.
*   **TNL Address Info (Transport Network Layer Address):** Provides the IP addresses and GTP-U TEIDs for the user plane interface (N3/NG-U or F1-U). The CU-CP validates IP reachability and updates its user plane routing table. If the address changes, the CU-CP must ensure new bearers use the updated address, and existing tunnels may need to be modified or re-established.
*   **gNB-CU-UP Capacity (Resource Status):** The CU-CP must take this into account when updating its load balancing algorithms. If the CU-UP reports high load or near capacity, the CU-CP will stop selecting this CU-UP for new Bearer Context Setup requests and may steer traffic to a different, less loaded CU-UP.
*   **gNB-CU-UP Name:** Uniquely identifies the CU-UP. The CU-CP verifies this against the identity established during the E1 Setup procedure. It is typically used for logging and correlation, updating the node registry if changed.

### 3. Error Handling and Response Generation
After processing the IEs, the gNB-CU-CP responds based on the outcome:
*   **Success:** The CU-CP updates its internal database and sends a `GNB-CU-UP CONFIGURATION UPDATE ACKNOWLEDGE`. This ACK may include its own updated IEs (e.g., CP TNL Address) if the control plane configuration needs to synchronize.
*   **Failure:** If the CU-CP encounters an error (e.g., semantic error, missing mandatory IE, or unsupported value), it handles it based on the IE's criticality. If the procedure fails, it sends a `GNB-CU-UP CONFIGURATION UPDATE FAILURE` message containing a **Cause IE** (e.g., ""Unknown PLMN"", ""Transport Address Unreachable"", or ""Semantic Error"") and **Criticality Diagnostics** identifying exactly which IE caused the failure.",
What is the method for constructing IABTC5 in multi-band operation?,"IABTC5 is constructed by re-using the existing test configuration applicable to each band involved in multi-band operation. First, the IAB RF Bandwidth of each supported operating band is set to its declared maximum in multi-band operation. The outermost bands have their allocated RF bandwidth located at the extremes of the declared maximum radio bandwidth. The maximum number of carriers is limited to two per band, placed first at the outer edges of the declared maximum bandwidth for outermost bands and at the IAB RF bandwidth edges for any middle bands. Additional carriers, if required, are then placed at the edges of the IAB RF bandwidths. Each band is treated independently, with carrier placement following the IABTC3 guidelines while using the narrowest supported NR channel bandwidth and smallest subcarrier spacing. If only one carrier is available, it is positioned at the outermost edges of the declared maximum bandwidth for outermost bands and at one edge of the supported frequency range within the IAB RF bandwidths for middle bands. If total bandwidth exceeds the declared total RF bandwidth, adjustments are made to ensure compliance.<|im_end|>",,"IABTC5 (Integrated Access and Backhaul Test Configuration 5) is constructed by re-using the existing test configurations applicable to each band involved in multi-band operation, following guidelines similar to IABTC3. The method is as follows:

1. **Set Maximum Bandwidths:** The IAB RF Bandwidth of each supported operating band is set to its declared maximum for multi-band operation. 
2. **Position Outermost Bands:** The outermost bands have their allocated RF bandwidth located at the extremes of the declared maximum radio bandwidth.
3. **Carrier Placement:** The maximum number of carriers is limited to two per band. These are placed first at the outer edges of the declared maximum bandwidth for outermost bands, and at the IAB RF bandwidth edges for any middle bands. Additional carriers, if required, are then placed at the edges of the IAB RF bandwidths.
4. **Independent Configuration:** Each band is treated independently. Carrier placement follows IABTC3 guidelines while utilizing the narrowest supported NR channel bandwidth and the smallest subcarrier spacing.
5. **Single Carrier Exception:** If only one carrier is available, it is positioned at the outermost edges of the declared maximum bandwidth for outermost bands, and at one edge of the supported frequency range within the IAB RF bandwidths for middle bands.
6. **Compliance Adjustments:** If the total bandwidth exceeds the declared total RF bandwidth, adjustments are made to ensure compliance.",
How are channel bandwidths defined for the NR band n40 and what configurations support it?,"For the NR band n40, the supported channel bandwidths include 5, 10, 15, 20, 25, 30, 40, and 50 MHz. This range enables various configurations to be utilized effectively, including CA_n28A-n40A and CA_n40A-n78A. These configurations allow for carrier aggregation, which enhances data throughput and improves network performance. The specification of multiple bandwidths ensures that operators can optimize their network resources according to demand and existing infrastructure. Thus, the channel bandwidths for n40 are integral to successful network implementation.<|im_end|>",,"For 5G NR **Band n40**, which operates in the 2300 MHz–2400 MHz range (100 MHz total spectrum) using TDD (Time Division Duplex) within Frequency Range 1 (FR1), channel bandwidths and configurations are strictly defined by 3GPP specifications (primarily TS 38.101-1 and TS 38.104). 

Here is a detailed breakdown of how these bandwidths are defined and the configurations that support them.

### 1. How Channel Bandwidths are Defined
In 5G NR, the **Channel Bandwidth ($BW_{channel}$)** is defined as the total width of the RF carrier, which includes the usable **Transmission Bandwidth Configuration** (measured in Resource Blocks, or RBs) plus the necessary **Guard Bands** on either side to prevent adjacent channel interference.

For Band n40, the supported channel bandwidths are highly scalable to allow operators flexibility based on their available spectrum. The standardized values include: **5, 10, 15, 20, 30, 40, 50, 60, 80, and 100 MHz** (the latter being the maximum, as the total band size is capped at 100 MHz).

### 2. Configurations Supporting n40
A ""configuration"" in NR refers to the combination of physical layer parameters—specifically Subcarrier Spacing (SCS) and the corresponding number of RBs—as well as how the band is deployed in a network topology.

#### A. Subcarrier Spacing (SCS) and Resource Blocks (RBs)
Band n40 supports standard FR1 numerologies with SCS values of **15 kHz, 30 kHz, and 60 kHz**. Not all SCS values are valid for all bandwidths; narrower SCS values are generally restricted at wider bandwidths to maintain efficient RB counts and limit phase noise. 

The table below outlines valid SCS configurations and their approximate maximum RB counts for given channel bandwidths:

| Channel Bandwidth | 15 kHz SCS | 30 kHz SCS | 60 kHz SCS |
| :--- | :--- | :--- | :--- |
| **5 MHz** | 25 RBs | 11 RBs | N/A |
| **10 MHz** | 52 RBs | 24 RBs | 11 RBs |
| **20 MHz** | 106 RBs | 51 RBs | 24 RBs |
| **40 MHz** | 216 RBs | 106 RBs | 51 RBs |
| **50 MHz** | 270 RBs | 133 RBs | 65 RBs |
| **60 MHz** | N/A | 160 RBs | 78 RBs |
| **80 MHz** | N/A | 216 RBs | 106 RBs |
| **100 MHz** | N/A | 273 RBs | 135 RBs |

*(Note: ""N/A"" indicates combinations not standardized for this band. 30 kHz is the most common SCS for deployments exceeding 50 MHz.)*

#### B. TDD Frame Structure Configurations
Because n40 is unpaired TDD spectrum, UL and DL transmissions share the same frequency but are separated by time slots. Configurations are defined by periodicity (commonly 2.5 ms or 5 ms) and UL/DL ratios dictated by RRC signaling. Common patterns include:
*   **DL-heavy:** DDDSU (3 Downlink, 1 Special, 1 Uplink) — standard for consumer internet.
*   **Balanced/UL-heavy:** DDSUU (2 Downlink, 1 Special, 2 Uplink).
*   **Special Slot:** Contains Downlink (DwPTS), Guard Period (GP), and Uplink (UpPTS) portions to handle transmission direction switching and propagation delay.

#### C. Synchronization Signal Block (SSB) Configurations
To access the network, the UE must detect the SSB. For Band n40, the SSB SCS is typically **15 kHz (Case A)** or **30 kHz (Case C)**. The SSB can be placed centrally or offset within the carrier bandwidth, provided it adheres to the global synchronization channel raster.

#### D. Deployment Modes and Carrier Aggregation (CA)
Band n40 is utilized in various network topologies to enhance coverage and throughput:
*   **Standalone (SA) / Non-Standalone (NSA):** In SA, n40 connects directly to the 5G core. In NSA, it acts as a secondary data pipe anchored to an LTE band.
*   **Carrier Aggregation (CA):** Due to its wide 100 MHz footprint, n40 is frequently aggregated. This includes intra-band contiguous/non-contiguous CA (e.g., combining two n40 carriers) and inter-band CA. Common inter-band combinations include n40 + n1 (2100 MHz), n40 + n3 (1800 MHz), n40 + n28 (700 MHz), and n40 + n78 (3500 MHz).
*   **Coexistence:** In regions like India, China, and Japan, n40 is heavily deployed and often requires careful configuration to coexist with legacy TD-LTE Band 40 deployments, either through spectrum splitting or guard bands.

### Summary
The channel bandwidth for NR n40 is defined by the total RF carrier width (scaling from 5 MHz up to 100 MHz) and is supported by specific combinations of SCS (15, 30, or 60 kHz) and RB allocations. These are deployed using specific TDD frame structures, SSB patterns, and CA topologies to maximize network capacity and regional compatibility.",
How does the gNB determine the resource allocation for SRS signals for uplink positioning?,"The gNB (gNodeB) plays a crucial role in resource allocation for SRS (Sounding Reference Signal) signals required for uplink positioning. It is responsible for making the final decision on the resources to be assigned based on the requirements communicated by the Location Management Function (LMF). The LMF indicates the necessity for the UE to transmit SRS signals, and the gNB assesses the available resources to facilitate this. If the gNB determines that no resources are available, it may opt not to configure any resources for the UE, leading to a failure of the corresponding NRPPa (NR Positioning Protocol A) procedure. Therefore, the gNB's decisions directly impact the successful execution of the uplink positioning process.<|im_end|>",,"In 5G New Radio (NR), the determination of resource allocation for Sounding Reference Signals (SRS) used for Uplink Positioning (UL-POS) is a coordinated process involving the Location Management Function (LMF), the serving gNB, and neighboring Transmission Reception Points (TRPs). While the LMF defines the positioning requirements (e.g., accuracy, latency, QoS) via the NR Positioning Protocol A (NRPPa), the serving gNB is responsible for mapping these requirements to physical layer resources and configuring the UE via Radio Resource Control (RRC) signaling. If the gNB determines no resources are available, it may refuse the configuration, causing the positioning procedure to fail.

Here is how the gNB determines and allocates these resources:

### 1. Configuration Hierarchy
The gNB configures SRS for positioning using a hierarchical structure:
*   **SRS-Config:** The top-level container sent to the UE.
*   **SRS-ResourceSet:** A group of SRS resources. For positioning, this set must have the parameter `usage` set to `'positioning'`. This specific usage unlocks features like wider bandwidths, a larger number of resources per set, and specific power control settings to ensure the signal reaches distant TRPs.
*   **SRS-Resource:** The individual time, frequency, code, and spatial definition of the signal.

### 2. Key Determinants for Resource Allocation
When mapping positioning requirements to physical resources, the gNB considers the following dimensions:

#### A. Time Domain Allocation
Timing precision is critical for methods like UL-TDOA (Time Difference of Arrival) or Multi-RTT (Round Trip Time).
*   **Periodicity and Slot Offset:** The gNB selects a periodicity and slot offset to ensure the SRS does not collide with downlink symbols (in TDD) or critical control channels (PUCCH).
*   **Symbol Location:** The gNB allocates specific OFDM symbols within a slot. Multi-symbol SRS is often configured to boost energy and improve Time of Arrival (ToA) estimation.
*   **Timing Advance (TA):** The gNB ensures the UE applies the correct TA so the signal arrives at the TRP within the expected window, aligning reception across multiple TRPs.

#### B. Frequency Domain Allocation
Time resolution is directly proportional to signal bandwidth.
*   **Bandwidth:** The gNB allocates the widest possible bandwidth allowed by the UE capability and spectrum availability to achieve a sharper correlation peak and better time estimation.
*   **Comb Structure:** The gNB selects a ""Comb"" size (Comb-2, Comb-4, Comb-8, or Comb-12) to determine which subcarriers carry the SRS. Higher comb densities allow the SRS to span a wider frequency range with fewer subcarriers, maintaining orthogonality with other UEs.
*   **Frequency Hopping:** For positioning, frequency hopping is often disabled to ensure the entire bandwidth is sounded coherently for a single time measurement, though it can be enabled for frequency diversity in specific scenarios.

#### C. Code Domain (Sequence)
To distinguish the target UE from others transmitting SRS simultaneously:
*   **Sequence ID:** The gNB assigns a specific base sequence ID.
*   **Cyclic Shift:** The gNB assigns a cyclic shift value, creating orthogonality between different UEs using the same time/frequency resources (Code Division Multiplexing), which is efficient for positioning capacity.

#### D. Spatial Domain (Beamforming)
*   **Spatial Relation Info:** The gNB configures the UE to transmit the SRS using a specific spatial filter (beam), typically linked to a downlink reference signal (e.g., SSB or CSI-RS) the UE has already measured.
*   **Omni vs. Directed:** For positioning, the gNB may request a wider beam or multiple SRS resources with different spatial relations to ensure multiple neighboring TRPs can detect the signal.

### 3. Triggering Mechanisms
The gNB determines how the SRS is activated based on the positioning session type:
*   **Periodic SRS:** Configured entirely via RRC. Best for continuous tracking but has high overhead.
*   **Semi-Persistent SRS (SP-SRS):** Configured via RRC but activated/deactivated via MAC-CE. Good for sustained positioning sessions without constant dynamic signaling.
*   **Aperiodic SRS (AP-SRS):** Configured via RRC but triggered via Downlink Control Information (DCI). Most common for on-demand positioning, allowing the network to request a location fix exactly when needed.

### 4. Multi-TRP Coordination
The gNB does not make these decisions in isolation. For UL-TDOA, the SRS must be heard by multiple TRPs.
*   **Resource Coordination:** The serving gNB coordinates with neighboring gNBs (via the Xn interface) to ensure the allocated time/frequency resources are muted or protected at neighboring cells so they can listen to the UE without interference from their own transmissions.
*   **Power Control:** The gNB configures Open-Loop Power Control parameters specifically for positioning SRS, potentially allowing higher transmission power than standard data SRS to reach distant TRPs.
*   **NRPPa Signaling:** The serving gNB informs the LMF of the configured SRS parameters so the LMF can forward this assistance data to measuring TRPs.

### 5. Summary of Decision Logic
The gNB's algorithm for allocation generally follows this flow:
1.  **Receive Request:** Get positioning QoS requirements from LMF via NRPPa.
2.  **Check Capabilities:** Query UE for supported SRS bandwidth, comb sizes, and antenna port capabilities.
3.  **Check Interference:** Analyze current radio resource load, interference levels, and TDD UL/DL patterns of serving and neighboring cells.
4.  **Select Parameters:** Choose `usage = 'positioning'`, maximize bandwidth for time resolution, select Comb size for multiplexing, and set Spatial Relation based on the best downlink beam.
5.  **Configure UE:** Send `RRCReconfiguration` with the `SRS-Config` Information Element (IE).
6.  **Notify Network:** Send an NRPPa message to the LMF/TRPs with the resource details for measurement scheduling.",
What is the purpose of the PN sequence generator in the context of NR-SAN-FR1-TM data content?,"The PN sequence generator serves to randomize the data content prior to its modulation and mapping onto the resource element (RE) grid. Specifically, it employs a length-31 Gold sequence scrambling technique as outlined in TS 38.211, clause 5.2.1. This generator is initialized with a starting seed of 'all ones' at the beginning of each allocated slot within a frame, ensuring continuity of the PN sequence across slot boundaries. The generated bits from this PN sequence are used to fulfill the bit requirements for the Physical Downlink Control Channel (PDCCH) and the Physical Downlink Shared Channel (PDSCH), contributing significantly to the integrity and security of the transmitted data.<|im_end|>",,"In the context of **NR-SAN-FR1-TM** (5G New Radio, Standalone, Frequency Range 1, Test Models), the **PN (Pseudo-Noise) sequence generator** serves as the engine that creates the deterministic, pseudo-random payload data used to stress-test the transmitter and receiver. 

Defined by 3GPP conformance testing specifications (such as TS 38.141-1 and TS 38.104), its primary purpose is to generate the bit stream that fills the transport blocks of the Physical Downlink Shared Channel (PDSCH) or Physical Uplink Shared Channel (PUSCH). Here is a detailed breakdown of why this is necessary:

### 1. Standardization and Reproducibility
Real-world user data is unpredictable. To ensure a Base Station (gNB) or User Equipment (UE) is tested fairly and consistently across different laboratories, the input data must be identical for every test run. 
*   **Deterministic Pattern:** A PN sequence is mathematically generated—often utilizing a length-31 Gold sequence (as outlined in TS 38.211, clause 5.2.1) initialized with a starting seed of 'all ones'. Because it is algorithmic, any tester or manufacturer can generate the exact same bit pattern, creating a ""golden reference"" for repeatability.
*   **Decoupling from Higher Layers:** Using a PN generator allows the test system to bypass the need for actual IP packets, live core networks, or application-layer handshakes, creating the necessary bit load directly at the Physical Layer input.

### 2. Emulating Real Traffic and Spectral Flatness
The PN sequence is designed to have high entropy (randomness), mimicking the statistical properties of actual encrypted user traffic. This is essential for accurate RF measurements:
*   **Avoiding ""Spurs"":** If a test model used a simple repeating pattern (like $101010...$) or all zeros, the resulting signal would have massive spectral spikes. A PN sequence ensures the signal power is spread evenly across the allocated Resource Blocks, creating a ""flat"" spectrum.
*   **Accurate RF Measurements:** This spectral flatness prevents artificial spectral lines from skewing critical performance metrics like **ACLR (Adjacent Channel Leakage Ratio)**, **SEM (Spectral Emission Mask)**, and **EVM (Error Vector Magnitude)**. 
*   **PAPR Characteristics:** The randomness ensures the Peak-to-Average Power Ratio (PAPR) is representative of real-world scenarios, which is critical for testing power amplifier linearity.

### 3. Verification and Analysis
*   **Channel Coding and Scrambling:** The PN sequence verifies that the LDPC coding, rate matching, and scrambling functions are working correctly. Since the input is known, the receiver can verify if the output matches the expected error rate (BLER/BER).
*   **Blind Equalization and Demodulation:** Because the test equipment knows exactly which bit was sent at exactly which microsecond, it can compare the received constellation points against the ideal points to calculate EVM. If the data were truly random, the analyzer would have no reference to compare against.

### Summary of Operation
1.  **Input:** The Test Model configuration specifies the bandwidth, modulation (e.g., QPSK, 64QAM), and coding rate.
2.  **Generation:** The PN sequence generator creates a stream of pseudo-random bits.
3.  **Mapping:** These bits are treated as information bits, fed into the channel coding chain, and mapped to the NR resource grid (the time-frequency slots).
4.  **Analysis:** The test equipment regenerates the same PN sequence to measure how much the actual signal deviates from the ideal.

In short, the PN sequence generator ensures the Test Model signal is **repeatable, standardized, and statistically representative of random user data**, allowing engineers to measure RF quality and compliance without needing actual user data.",
What are the key requirements for receiver spurious emissions for BS type 1-C and BS type 1-H in LTE?,"For BS type 1-C, the requirements for receiver spurious emissions are defined in 3GPP TS 36.104, focusing on emissions that are generated or amplified within the receiver and appear at the receiver antenna connector. For BS type 1-H, the requirements are outlined in 3GPP TS 37.105, which adapts the limits from TS 36.104 to accommodate the hybrid Active Antenna System (AAS) architecture. Both types of base stations must adhere to the spurious emissions limits when separate RX and TX antenna ports are utilized. The testing for Frequency Division Duplex (FDD) base stations must occur with both TX and RX active, while the TX port is terminated. Overall, the requirements consist of general spurious emissions limits, additional protection measures for FDD receivers, and co-existence requirements for nearby base stations.<|im_end|>",,"The key requirements for receiver spurious emissions for LTE Base Stations (BS) Type 1-C and Type 1-H are defined to limit unwanted signals generated or amplified within the receiver that appear at the BS antenna connector. These requirements prevent the BS receiver from interfering with other radio systems.

### 1. Applicable Specifications and Definitions
*   **BS Type 1-C:** Corresponds to traditional conducted base stations (macro, micro, pico) and is defined in **3GPP TS 36.104**.
*   **BS Type 1-H:** Corresponds to hybrid Active Antenna System (AAS) base stations and is outlined in **3GPP TS 37.105**, which adapts the baseline limits from TS 36.104 to accommodate the AAS architecture.

### 2. Frequency Range and Measurement Bandwidth
The requirements cover a wide frequency spectrum (typically 9 kHz to 12.75 GHz) to ensure the protection of various services. The measurement bandwidth (RBW) changes depending on the frequency range:
*   **9 kHz to 1 GHz:** 100 kHz RBW
*   **1 GHz to 12.75 GHz:** 1 MHz RBW

### 3. General Emission Limits
For general frequency ranges outside the operating band, the baseline numeric limits are identical for both BS types:
*   **9 kHz – 1 GHz:** **-36 dBm**
*   **1 GHz – 12.75 GHz:** **-57 dBm**

### 4. Additional Requirements for Specific Bands
Both BS types must adhere to stricter limits in specific frequency ranges to protect critical services (e.g., Public Safety, GNSS/GPS, Maritime, and legacy GSM uplinks). In these protected bands, limits can drop significantly, often requiring emissions as low as **-96 dBm** or **-120 dBm** depending on the specific frequency and regional regulatory table.

### 5. Measurement and Test Conditions
To verify compliance, specific test conditions must be met:
*   **BS State:** The receiver must be active. For Frequency Division Duplex (FDD) base stations, testing must occur with both TX and RX active, while the TX port is terminated.
*   **Input Signal:** Measurements are typically taken with no input signal applied to the receiver antenna connector (idle/noise floor), though the BS is configured for its maximum rated output power to ensure worst-case emission states.
*   **Antenna Connector:** Measurements are conducted at the antenna connector (or via conducted methods for AAS).

### 6. Key Differences Between Type 1-C and Type 1-H
While the baseline numeric limits are the same, the contextual differences lie in deployment and architecture:
*   **Deployment Scenario:** Type 1-C limits are strictly enforced to protect wide-area uplink coverage and ensure co-location compatibility with other base stations. Type 1-H focuses on protecting the macro network from indoor or localized interference.
*   **Architecture:** Type 1-H requirements account for the hybrid AAS architecture, where RX and TX antenna ports may be utilized differently, requiring adapted testing methodologies compared to the conventional Type 1-C architecture.",
How is the additional maximum power reduction (A-MPR) applied in the context of emission requirements?,"The additional maximum power reduction (A-MPR) is a mechanism that allows for further reduction in the maximum output power beyond the standard maximum power reduction (MPR). When specific additional emission requirements are signaled, the A-MPR can be applied as specified in clause 6.2.1 of the specification. While the default A-MPR is 0 dB unless stated otherwise, this value can be adjusted based on the requirements associated with the NS value. The total power reduction allowed is the sum of the A-MPR and the standard MPR, ensuring that the UE adheres to the required emission limits while maintaining efficient operation within the designated frequency bands.<|im_end|>",,"In the context of wireless communications (specifically 3GPP standards like LTE and 5G NR), **Additional Maximum Power Reduction (A-MPR)** is a mechanism that allows a User Equipment (UE) to lower its maximum transmit power below the nominal limit to comply with specific regulatory **emission requirements**.

### 1. The Need for A-MPR
Wireless transmitters use Power Amplifiers (PAs) to boost signals. When a PA operates near its maximum capacity, it becomes non-linear, causing ""spectral regrowth""—where signal energy leaks into adjacent frequencies. This leakage is regulated by metrics like the **Spectral Emission Mask (SEM)**, **Adjacent Channel Leakage Ratio (ACLR)**, and spurious emissions limits.

Standard **Maximum Power Reduction (MPR)** allows a device to lower its power ceiling based on the modulation scheme and bandwidth. However, in certain specific scenarios (e.g., specific bands, channel edges, or coexistence scenarios), standard MPR is insufficient to keep emissions within strict legal limits. A-MPR provides the *extra* back-off required to remain compliant.

### 2. How A-MPR is Applied
A-MPR is dynamic and triggered by specific network configurations:

*   **Network Signaling (NS Values):** The network informs the UE that it is operating in a scenario requiring stricter emission control via **Network Signaling (NS)** values (e.g., `NS_00` for default, `NS_04`, `NS_05` for specific constraints) broadcast in System Information Blocks (SIB).
*   **Look-Up Tables:** The UE receives the NS value and cross-references it in 3GPP specifications (e.g., TS 38.101-1). The table dictates the specific A-MPR value (in dB) based on a combination of the NS value, operating band, channel bandwidth, modulation order, and Resource Block (RB) allocation.
*   **Power Calculation:** The UE calculates its configured maximum output power ($P_{CMAX}$) by subtracting the necessary reductions from its nominal power class:
    $$P_{CMAX} \leq P_{PowerClass} - MPR - A\text{-}MPR$$
    *(Note: In some specifications, this is managed via a `min` function that also accounts for network limits and thermal management, but conceptually, A-MPR is an additive penalty to the power back-off.)*

### 3. Scenarios Triggering A-MPR
A-MPR is typically applied in ""stressful"" RF scenarios where linearity is hard to maintain:
*   **Band Edge Transmission:** Transmitting on RBs at the very edge of the channel increases the risk of leaking into the guard band or an adjacent operator's spectrum.
*   **Coexistence:** If a device transmits near a sensitive receiver (e.g., GNSS/GPS, Wi-Fi), A-MPR lowers the noise floor seen by the victim receiver.
*   **Carrier Aggregation (CA):** Transmitting on multiple bands simultaneously creates intermodulation products. A-MPR ensures these do not violate spurious emission limits.
*   **Regional Regulations:** Different countries have different regulatory masks (FCC, ETSI). 3GPP maps these regional requirements into specific NS values.

### 4. Impact on Performance
Applying A-MPR involves a trade-off between regulatory compliance and link performance:
*   **Coverage Reduction:** Lowering transmit power shrinks the uplink coverage area, potentially affecting cell-edge connectivity.
*   **Throughput Limitation:** To maintain the link at lower power, the network might need to schedule lower-order, more robust modulation schemes, reducing data rates.
*   **Compliance:** Ensures the device meets legal emission limits, preventing interference with other services and allowing certification for use in specific regions.

In summary, A-MPR acts as a compliance safety margin. Signaled by the network via NS values and determined by 3GPP lookup tables, it is subtracted from the UE's maximum power ceiling to ensure that spectral emissions remain within legal and technical limits under challenging RF conditions.",
"What are the ΔR~IB,c~ values for the bands in the CA_n3-n8-n78 configuration?","In the inter-band carrier aggregation configuration CA_n3-n8-n78, the ΔR~IB,c~ values are defined as follows: for NR band n3, the value is 0.2 dB; for NR band n8, it is also 0.2 dB; and for NR band n78, the value is 0.5 dB. These values are important for determining the required receive power levels in the specified configurations.<|im_end|>",,"Based on the 3GPP specifications (specifically **3GPP TS 38.101-1** for 5G NR User Equipment), the parameter **$\Delta R_{IB,c}$** refers to the **Reference Sensitivity Relaxation** for Inter-Band Carrier Aggregation (CA) configurations. It defines the allowable relaxation (in dB) of the reference sensitivity level for a specific component carrier when operating in an inter-band CA setup, accounting for potential receiver desense caused by interference from other active carriers.

For the configuration **CA_n3-n8-n78** (also denoted as CA_n3A-n8A-n78A), the $\Delta R_{IB,c}$ values are as follows:

*   **Band n3:** 0.2 dB
*   **Band n8:** 0.2 dB
*   **Band n78:** 0.5 dB

These values are important for determining the required receive power levels and ensuring the UE meets RF requirements in the specified aggregation configuration. 

**Technical Context & Clarification:**
It is common to confuse $\Delta R_{IB,c}$ with **$\Delta T_{IB,c}$** (Maximum Power Reduction / Temperature relaxation). While $\Delta R_{IB,c}$ deals with receiver sensitivity, $\Delta T_{IB,c}$ addresses transmitter power constraints due to thermal or linearity limitations, which often have different specified values for the same band combinations.",
What is the criteria for defining the minimum controlled output power of the UE?,"The minimum controlled output power of the User Equipment (UE) is defined as the power level maintained in the channel bandwidth across all transmit bandwidth configurations, specifically in terms of resource blocks. This output power is set to a minimum value and is averaged over at least one sub-frame, which lasts for 1 millisecond. It is crucial to ensure that this output power does not exceed predefined limits specified in Table 6.3.1-1 of the specification. These defined limits vary based on the channel bandwidth being utilized.<|im_end|>",,"The criteria for defining the **minimum controlled output power** of User Equipment (UE) are established by **3GPP technical specifications** (e.g., TS 38.101 for 5G NR and TS 36.101 for LTE). These specifications ensure that devices can sufficiently reduce transmission power to manage interference, conserve battery life, and resolve ""near-far"" scenarios in the network. 

The criteria used to define and validate this minimum power include:

### 1. Absolute Power Limit (The ""Floor"")
The most fundamental criterion is an absolute lower limit, measured in dBm. The UE must be capable of transmitting at or below this level when commanded by the network.
*   **Standard Value:** For standard handheld devices (Power Class 3) in Frequency Range 1 (Sub-6 GHz), the minimum controlled output power is typically required to be **$\le -40 \text{ dBm}$**.
*   **Averaging:** This power level is maintained across the channel bandwidth (in terms of resource blocks) and is averaged over at least one sub-frame (1 millisecond). It must not exceed the predefined limits specified in 3GPP tables (e.g., Table 6.3.1-1).

### 2. Power Control Dynamic Range
The minimum power is also defined relative to the UE's maximum configured output power ($P_{CMAX}$), establishing the dynamic range of the power control mechanism.
*   **Requirement:** The UE must support a specific reduction range from its maximum power (typically **63 dB to 80 dB**, depending on the technology and band). 
*   **Step Size:** The UE must adjust power in defined increments (e.g., 1 dB or 2 dB) down to the minimum level without losing accuracy.

### 3. Power Control Mechanisms
The ""controlled"" aspect dictates that the network actively manages the UE's power through open-loop and closed-loop systems.
*   **Open-Loop:** The UE estimates path loss based on downlink signal strength. The minimum power ensures that even with a very strong downlink signal, the UE doesn't drop power to a level where it can no longer ""hear"" the base station.
*   **Closed-Loop:** The base station sends Transmit Power Control (TPC) commands. The minimum controlled power acts as the **lower bound** of this adjustment range. If the UE hits this floor, it can no longer decrease power even if requested.

### 4. Hardware and RF Constraints
The physical design of the UE's RF front-end dictates the lowest stable output.
*   **Power Amplifier (PA) Linearity:** Operating at extremely low power levels can cause instability or degrade the **Error Vector Magnitude (EVM)**. Even at the minimum controlled output power, the signal must meet standard EVM requirements to remain decodable.
*   **Dynamic Range:** The resolution of Digital-to-Analog Converters (DACs) and the gain steps of variable attenuators limit how low the power can go while maintaining a stable baseline.

### 5. Power Class and Frequency Range
Criteria vary depending on the UE's Power Class and operating frequency.
*   **Power Class:** Different classes (Class 1, 2, 3, etc.) have different power profiles. The minimum power is scaled relative to the class maximum to ensure high-power devices behave predictably in low-power modes.
*   **FR1 vs. FR2:** While FR1 (Sub-6 GHz) follows the standard $-40 \text{ dBm}$ conducted power floor, FR2 (mmWave) criteria differ due to beamforming and array gain. FR2 minimum power is often defined in terms of **EIRP (Effective Isotropic Radiated Power)** rather than conducted power at the antenna connector.

### 6. Tolerance, Accuracy, and Test Conditions
Defining the minimum power requires maintaining accuracy under specific standardized test conditions.
*   **Tolerance:** The transmitted power must remain within an allowed deviation (e.g., **$\pm 5 \text{ dB}$**) of the commanded minimum power, accounting for cumulative errors in the power control loop.
*   **Test Conditions:** The UE is tested using specific Reference Measurement Channels (RMC), robust modulation schemes (e.g., QPSK), and various resource block allocations across low, mid, and high channel frequencies to ensure compliance.",
How should a UE be verified against the REFSENS requirements for different antenna configurations?,"A UE should be verified against the REFSENS requirements based on its antenna configuration. For configurations with 2 receiving (Rx) antenna ports, testing should be conducted using the REFSENS value specified in Table 7.3.2-1. In contrast, for configurations where the UE is equipped with 4 Rx antenna ports, verification should involve applying the REFSENS value derived from Table 7.3.2-2, which accounts for the additional antenna ports. This approach ensures that the UE's performance is thoroughly assessed under the various operational scenarios it may encounter.<|im_end|>",,"Verifying a User Equipment (UE) against **Reference Sensitivity (REFSENS)** requirements is a critical part of RF conformance testing. REFSENS defines the minimum input signal level at which the UE can successfully decode a signal—achieving a specific throughput quality (typically $\ge$ 95% of maximum throughput or a Block Error Rate $\le$ 10%)—using the lowest Modulation and Coding Scheme (usually QPSK). 

The verification methodology depends heavily on the frequency range (FR1 vs. FR2), the physical antenna interface (Conducted vs. OTA), and the receiver architecture (1Rx, 2Rx, 4Rx, MIMO, Carrier Aggregation). Below is a comprehensive guide based on **3GPP TS 38.101/38.521** (5G NR) and **TS 36.101/36.521** (LTE).

---

### 1. General Verification Methodology
Regardless of the antenna configuration, the basic procedure remains consistent:
1. **Setup:** Connect the UE to a Base Station Simulator via conducted cables or an OTA anechoic chamber.
2. **Configuration:** Set the UE to a low-order MCS (QPSK) over an AWGN channel. 
3. **Power Sweeping:** Start at a high power level and decrease in small steps (e.g., 1 dB) until throughput falls below the 95% threshold.
4. **Calculation:** The REFSENS is the power level at the point where the requirement is just met. 

---

### 2. Verification by Test Method & Frequency Range

#### A. Conducted Testing (FR1 with Connectors)
* **Setup:** Signal is injected directly into the UE's antenna connector(s) via cabling. Path loss (cables, attenuators, splitters) must be calibrated.
* **Procedure:** 
  * **1Rx:** Inject signal into the primary antenna connector; terminate others with 50$\Omega$.
  * **2Rx/4Rx:** For strict conformance, all active Rx ports are connected so internal diversity combining is active. However, to ensure hardware balance, test houses often verify sensitivity on *each* Rx branch individually. Large imbalances indicate a hardware defect.

#### B. OTA Testing (FR1 Integrated Antennas & FR2 mmWave)
* **FR1 OTA:** Measures **TIS** (Total Isotropic Sensitivity). The UE is rotated to sample all spatial directions, calculating the harmonic mean of sensitivity over a 3D sphere.
* **FR2 (mmWave):** Due to beamforming, traditional TIS is not used. Instead, **EIS** (Effective Isotropic Sensitivity) or **Beam Peak TIS** is measured. The UE sweeps its receive beams, and verification is performed on the best beam (peak gain direction). Both horizontal and vertical polarizations must be verified.

---

### 3. Verification Steps by Antenna Configuration

#### Scenario 1: SISO (1Rx)
* **Focus:** Pure receiver sensitivity of a single RF chain.
* **Procedure:** Connect the primary port, apply the REFSENS power limit for the specific band, and verify $\ge$ 95% throughput. 

#### Scenario 2: SIMO / Receive Diversity (2Rx / 4Rx)
* **Focus:** Diversity gain and combining algorithms (e.g., Maximum Ratio Combining - MRC).
* **Requirement:** The REFSENS limit is typically *stricter* (lower dBm) for 2Rx/4Rx compared to 1Rx, as the UE is expected to utilize extra antennas to meet the standard limit with margin.
* **Procedure:** 
  * **Combined Test:** Connect all receive antennas. The UE must meet the stricter diversity limit.
  * **Imbalance Test:** Inject signal into one branch at a time. If one LNA has a higher Noise Figure (NF), it can ""pollute"" the combined signal, degrading overall sensitivity.
  * **Correlation Check (OTA):** Ensure the chamber setup does not artificially correlate signals between antenna probes, which would negate diversity gain.

#### Scenario 3: MIMO Configurations
* **Focus:** Spatial multiplexing and interference cancellation.
* **Procedure:** REFSENS is fundamentally a noise-floor test, often defined for SISO even on MIMO-capable UEs. For MIMO-specific sensitivity:
  * **Rank 1 (Single Layer):** Behaves like SIMO; verify optimal port selection and combining.
  * **Rank 2+ (Multi-Layer):** Verify sensitivity when multiple streams are active. REFSENS for Rank 2 is typically higher (worse) because the UE must distinguish between separate signals, increasing the noise floor/interference. Ensure the channel matrix is set to identity (no cross-talk) for baseline sensitivity.

#### Scenario 4: Carrier Aggregation (CA)
* **Focus:** Inter-modulation and desense between Rx chains.
* **Procedure:** REFSENS is primarily verified on the **PCell (Primary Cell)**. Configure CA (e.g., n78 + n41), set the PCell to the REFSENS level, and set the SCell (Secondary Cell) to a nominal high signal level. Verify that the SCell's transmitter activity (LO leakage/inter-modulation) does not desense the PCell receiver beyond the allowed margin.

---

### 4. Critical Test Setup Considerations

| Component | Consideration |
| :--- | :--- |
| **Path Loss & Calibration** | Power at the UE port = Simulator Power - Cable/Attenuator Loss (+ Antenna Gain for OTA). Uncalibrated loss causes false fails. |
| **Noise Figure (NF)** | A flat failure margin across all bands often indicates a damaged or incorrectly biased LNA. |
| **LO Leakage** | Failures in specific bands often point to Local Oscillator leakage mixing with the signal. |
| **Interference & Desense** | The test environment must be shielded. External signals or self-interference (Tx/Rx simultaneity) can raise the noise floor. |
| **Thermal Drift** | Sensitivity degrades as the UE heats up. Ensure thermal conditioning is stable. |

---

### 5. Pass/Fail Criteria & Measurement Uncertainty
You cannot simply compare the measured value to the limit; you must account for **Test System Uncertainty (TSU)**.

* **Formula:** $Measured\_Level + TSU \le Requirement\_Limit$
* **Pass Example:** If the limit is -91.7 dBm and the UE passes at -93.0 dBm, it **Passes**.
* **Fail Example:** If the limit is -91.7 dBm and the UE passes at -91.0 dBm, it **Fails**.
* **Guard Band:** Many labs implement a 1-2 dB guard band to ensure compliance despite measurement drift. 

### Summary Checklist
1. [ ] Identify Frequency Range (FR1/FR2) and Test Type (Conducted/OTA).
2. [ ] Retrieve the correct REFSENS limit from 3GPP specs based on Band, Bandwidth, and Rx count.
3. [ ] Calibrate test setup path loss or validate the OTA chamber.
4. [ ] Configure the simulator (AWGN, QPSK, correct RMC).
5. [ ] Connect appropriate Rx ports or position for OTA (ensuring proper beam sweeping for FR2).
6. [ ] Step down power until throughput drops below 95%.
7. [ ] Compare the measured level (plus TSU) against the 3GPP limit.",
How is the maximum output power reduction determined for uplink contiguous CA configurations?,"For uplink contiguous carrier aggregation (CA) configurations, the maximum output power reduction is determined by the maximum values set forth in Table 6.2A.3.1-1, which outlines the allowed additional maximum power reduction (A-MPR) associated with various network signaling values and operating bands. The total back off permitted is the greater of the A-MPR or the maximum power reduction (MPR) specified in clause 6.2A.2. This ensures that the device adheres to emission limits while effectively managing its output power across multiple serving cells.<|im_end|>",,"The determination of Maximum Output Power Reduction (MPR) for uplink contiguous Carrier Aggregation (CA) configurations is governed by 3GPP specifications (primarily TS 38.101 for 5G NR and TS 36.101 for LTE). MPR allows the User Equipment (UE) to reduce its transmit power below the nominal maximum to ensure that RF emission requirements, such as the Adjacent Channel Leakage Ratio (ACLR) and Spectrum Emission Mask (SEM), are met without causing Power Amplifier (PA) saturation or spectral regrowth.

Here is the technical breakdown of how MPR is determined for contiguous CA configurations.

### 1. Fundamental Logic for Contiguous CA
In an intra-band contiguous CA configuration, multiple Component Carriers (CCs) are adjacent in frequency. To the PA, this often appears as a single, wider bandwidth signal rather than distinct separate carriers. Therefore, MPR is not calculated independently for each CC. Instead, it is determined based on the aggregated transmission bandwidth configuration and specific 3GPP lookup tables.

### 2. Key Determinants
The UE evaluates the following parameters to determine the appropriate MPR value:

*   **Modulation Order:** Higher-order modulations (e.g., 256QAM) have a higher Peak-to-Average Power Ratio (PAPR) and Cubic Metric (CM), requiring more power back-off than lower-order modulations (e.g., QPSK).
*   **Resource Block (RB) Allocation:**
    *   **Edge RBs:** Allocating RBs at the outer edges of the aggregated bandwidth requires stricter filtering to meet spectral mask requirements, resulting in a higher MPR.
    *   **Inner RBs:** The frequency point where the two carriers meet (the ""inner junction"") has relaxed emission requirements because the interference is contained within the UE's own aggregated band. Therefore, RB allocations near the junction allow for a lower MPR.
*   **Aggregated Bandwidth:** The total number of Resource Blocks ($N_{RB}$) across all contiguous carriers affects the signal's Cubic Metric.
*   **Band Combination:** The specific frequency bands being aggregated dictate which specific 3GPP MPR table is used.

### 3. Determination Process
The UE follows a standardized logical flow to determine its power reduction:

1.  **Identify Configuration:** The UE determines the CA band class, modulation scheme per CC, and RB allocation across the contiguous carriers.
2.  **Lookup Baseline MPR:** The UE references the relevant 3GPP tables (e.g., TS 38.101-1 Section 6.2A.2 for NR) corresponding to its contiguous CA configuration to find the baseline MPR value in dB.
3.  **Apply Additional MPR (A-MPR):** The network may broadcast Network Signaling (NS) values indicating specific regional or coexistence requirements (e.g., to protect GPS or public safety bands). If an NS value is active, the UE looks up the corresponding A-MPR table (e.g., Table 6.2A.3.1-1). 
4.  **Determine Total Reduction:** The total permitted power back-off is the greater of the baseline MPR or the A-MPR specified for the configuration.

### 4. Final Power Calculation ($P_{CMAX}$)
The final maximum allowed power ($P_{CMAX}$) is calculated as:

$$ P_{CMAX} = \min \left( P_{EMAX}, \; P_{PowerClass} - \max(MPR, \; A\text{-}MPR) \right) $$

Where:
*   $P_{EMAX}$: The maximum power signaled by the network.
*   $P_{PowerClass}$: The UE's nominal hardware capability (e.g., 23 dBm for Power Class 3).
*   $MPR$: Baseline Maximum Power Reduction determined by modulation and RB allocation.
*   $A\text{-}MPR$: Additional MPR determined by Network Signaling.

### 5. Contiguous vs. Non-Contiguous Distinction
Contiguous CA is treated differently than non-contiguous CA. In contiguous CA, the carriers are adjacent, allowing the PA to operate more efficiently without managing large frequency gaps. The join between carriers does not create a spectral gap requiring extra filtering, meaning the MPR is generally lower than in non-contiguous CA, where the PA must handle complex inter-modulation distortion from widely separated bands.",
Why are NR and LTE carriers not required to be tested again for frequency error in the inter-band NE-DC scenario?,"NR and LTE carriers are not required to be retested for frequency error in the inter-band NE-DC scenario because their respective requirements have already been validated in previous test cases. For NR carriers, the relevant requirements have been thoroughly addressed in sections 6.4.1 and 6.4A.1 of TS 38.521-1, while for LTE carriers, the relevant specifications are contained in sections 6.5.1 and 6.5.1A of TS 36.521-1. Since these test cases cover all necessary parameters and requirements, additional tests are deemed unnecessary, streamlining the testing process while ensuring compliance with established standards.<|im_end|>",,"In the context of 3GPP User Equipment (UE) conformance testing, NR and LTE carriers are not required to be retested for **Frequency Error** in an inter-band NE-DC (NR-E-UTRA Dual Connectivity) scenario due to 3GPP test reduction principles and the underlying RF hardware architecture. 

Here is the technical breakdown of why this exemption exists:

### 1. Dependency on the Reference Clock
Frequency Error is fundamentally a measure of the accuracy of the UE's reference oscillator (typically a TCXO) and its synthesizers. In modern UE architectures, all RF chains share this single, high-precision reference clock. If the UE has already passed the Frequency Error test in Standalone (SA) mode for a specific LTE band and a specific NR band, it has already proven that its reference clock can maintain the required center frequency accuracy (typically ±0.1 ppm) for those frequencies. Enabling Dual Connectivity does not alter the stability of this clock.

### 2. Inter-band RF Architecture Independence
In an **Inter-band** scenario, the NR and LTE carriers operate in significantly different frequency ranges. Because the frequencies are far apart, the UE typically utilizes distinct Radio Frequency (RF) front-end paths for each band, including separate filters, Power Amplifiers (PAs), and mixing stages. 
*   **No Frequency Pulling:** Because the hardware paths are isolated, the simultaneous transmission of an NR signal does not electrically or mechanically ""pull"" or distort the frequency generation of the LTE signal, and vice versa. 
*   **No Intermodulation Impact:** Frequency Error is a static offset, not a dynamic interference effect. It is not susceptible to intermodulation distortion (IMD) caused by simultaneous transmission in the way that Spectrum Emissions or Adjacent Channel Leakage Ratio (ACLR) are. 

### 3. 3GPP Conformance Test Reduction
3GPP specifications (such as TS 37.521-1 for Multi-Radio DC conformance) follow a principle of avoiding redundant testing to streamline certification. The general rule is that standalone requirements apply to DC scenarios unless there is a specific technical reason why the DC configuration would violate them.
*   **Validated Requirements:** For NR carriers, frequency error requirements are thoroughly addressed in sections 6.4.1 and 6.4A.1 of TS 38.521-1. For LTE carriers, the relevant specifications are contained in sections 6.5.1 and 6.5A.1 of TS 36.521-1. 
*   **No New Failure Modes:** Because there is no specific ""Frequency Error in DC"" requirement defined in the standards, 3GPP accepts the Standalone test results as valid proof of compliance for the NE-DC combination. 

### Summary
The exemption exists because Frequency Error is a fundamental hardware characteristic dependent on the reference clock, not the transmission mode. Since the reference clock is validated in Standalone testing for each band, and Inter-band hardware isolation prevents simultaneous transmission from degrading that accuracy, re-testing in the NE-DC scenario is deemed redundant.",
What are the specified requirements for unwanted emissions for the repeater type 2-O transmitter?,"The requirements for unwanted emissions for the repeater type 2-O transmitter are defined in terms of Adjacent Channel Leakage power Ratio (ACLR) and operating band unwanted emissions (OBUE). The maximum offset of the operating band unwanted emissions mask from the edge of the operating band is specified as Δf~OBUE~. For repeater type 2-O operating in frequency ranges up to 4000 MHz, this offset is set at 1500 MHz. These requirements are applicable per cell and are characterized using Total Radiated Power (TRP), directional requirements, or co-location criteria, ensuring that the emissions do not interfere with other channels and comply with regulatory standards.<|im_end|>",,"For the repeater type 2-O transmitter, the specified requirements for unwanted emissions are defined in terms of Adjacent Channel Leakage power Ratio (ACLR) and Operating Band Unwanted Emissions (OBUE). 

The maximum offset of the OBUE mask from the edge of the operating band is specified as Δf_OBUE. For repeater type 2-O operating in frequency ranges up to 4000 MHz, this offset is set at 1500 MHz. 

These requirements are applicable per cell and are characterized using Total Radiated Power (TRP), directional requirements, or co-location criteria. This ensures that the emissions do not interfere with other channels and comply with regulatory standards.",
What are the reporting requirements for aperiodic L1-RSRP measurements for 1 Rx RedCap and 2 Rx RedCap?,"For 1 Rx RedCap, the reported L1-RSRP measurements in aperiodic triggered, aperiodic triggered periodic, and aperiodic triggered semi-persistent reports must comply with the requirements specified in clause 10.1A.14. In the case of 2 Rx RedCap, these measurements must adhere to the requirements outlined in clauses 10.1.19 for frequency range 1 (FR1) and 10.1.20 for frequency range 2 (FR2). These specifications ensure that the reporting is standardized and meets the necessary performance criteria.<|im_end|>",,"Based on 3GPP specifications (primarily TS 38.133 for requirements and TS 38.214 for physical layer procedures) introduced in Release 17 for NR RedCap (Reduced Capability), here are the reporting requirements for aperiodic L1-RSRP measurements for 1 Rx and 2 Rx RedCap UEs.

### 1. Specification Context and Frequency Range
The reporting requirements differ primarily because the Receive (Rx) configuration dictates the supported Frequency Range (FR), and L1-RSRP requirements are defined per FR.

*   **1 Rx RedCap:** Restricted to FR1 (Sub-7 GHz) only. The aperiodic triggered L1-RSRP measurement requirements must comply with the specifications outlined in clause 10.1A.14.
*   **2 Rx RedCap:** Operates in both FR1 and FR2 (mmWave). For FR1, the requirements adhere to clause 10.1.19, while FR2 requirements are outlined in clause 10.1.20. 

### 2. General Aperiodic Reporting Mechanism
For both 1 Rx and 2 Rx RedCap UEs, the aperiodic reporting protocol and flow are largely aligned with legacy NR UEs:
1.  **RRC Configuration:** The network configures the UE with `L1-RSRP-Config` via RRC signaling, defining which reference signals (SSB or CSI-RS) to measure.
2.  **DCI Trigger:** The gNB triggers an aperiodic report using Downlink Control Information (DCI).
3.  **Measurement & Reporting:** The UE measures the reference signal and transmits the report back via Uplink Control Information (UCI) on PUCCH or PUSCH. The reporting format uses standard 7-bit quantization (values 0–127), mapping to RSRP levels from -140 dBm to -44 dBm.

### 3. Measurement Accuracy and Rx Diversity
There are no separate accuracy tables in the 3GPP specifications strictly labeled ""1 Rx RedCap"" vs. ""2 Rx RedCap."" Both must meet the standard NR L1-RSRP accuracy requirements defined for their operating frequency range. However, the physical interpretation and reliability of the results differ based on the hardware:

*   **1 Rx RedCap:** Has a single antenna chain with no spatial diversity. The reported RSRP is based solely on the single available path, making it more susceptible to fast fading and noise. To compensate for the lack of receive diversity, a 1 Rx UE may inherently require more time to achieve a reliable measurement.
*   **2 Rx RedCap:** Has two antenna chains, allowing for spatial diversity and diversity combining (e.g., Maximum Ratio Combining). This results in a more stable, robust, and generally higher RSRP value compared to 1 Rx, as it is less likely that both antennas are in a deep fade simultaneously. This provides the network with more accurate beam-tracking reports.

### 4. Reporting Latency and Processing Time
RedCap UEs (both 1 Rx and 2 Rx) are granted relaxed processing timelines compared to baseline eMBB UEs to accommodate reduced baseband capabilities. 
*   The time between the DCI trigger and the transmission of the L1-RSRP report follows the RedCap processing capability (often referred to as the $Z$-value). 
*   The standard does not define distinct $Z$-values strictly for 1 Rx vs. 2 Rx RedCap; both fall under the ""RedCap UE"" processing capability class. This relaxed timeline allows the UE more time to compute the measurement, which is particularly beneficial for a 1 Rx UE that lacks diversity gain.

### 5. UE Capability Signaling
To enable these requirements, the RedCap UE must signal its capabilities to the network during the RRC setup procedure (as defined in TS 38.306). The UE indicates whether it is a `redCap-1Rx` or `redCap-2Rx` device. The network uses this information to correctly interpret the RSRP values and schedule the aperiodic trigger with a sufficient time offset, ensuring the link performance does not degrade due to missed reports or overly strict timelines.

### Summary Comparison

| Feature | 1 Rx RedCap | 2 Rx RedCap |
| :--- | :--- | :--- |
| **Supported Frequency Range** | FR1 Only | FR1 & FR2 |
| **Applicable Spec Clause** | Clause 10.1A.14 | Clause 10.1.19 (FR1) & 10.1.20 (FR2) |
| **Antenna Diversity** | None (Single chain) | Spatial Diversity (2 antennas, e.g., MRC) |
| **RSRP Stability** | Lower (prone to fading) | Higher (diversity gain) |
| **Processing Latency** | Relaxed (RedCap capability) | Relaxed (RedCap capability) |
| **Reporting Format** | 7-bit RSRP (Standard) | 7-bit RSRP (Standard) |",
What is the significance of the Radiated Interface Boundary (RIB) in the context of IAB type 1-H?,"The Radiated Interface Boundary (RIB) is a critical concept in IAB type 1-H as it defines the specific radiated characteristics that pertain to over-the-air (OTA) communications within the operating band. It serves as a reference point for evaluating radiated requirements, which are essential for ensuring that the system meets performance standards in a real-world environment. The RIB helps to delineate the spatial characteristics where these OTA requirements apply, ensuring that the system operates effectively in its intended operational context. Radiated requirements are crucial for compliance testing, and their detailed specifications can be found in the relevant technical standards. Overall, the RIB plays a pivotal role in the performance validation of IAB type 1-H systems.<|im_end|>",,"In the context of 5G Integrated Access and Backhaul (IAB), specifically for Type 1-H (In-band Half-Duplex) nodes, the Radiated Interface Boundary (RIB) is a critical concept primarily associated with RF conformance, Over-The-Air (OTA) testing, and interference management. 

IAB nodes are typically deployed as Active Antenna Systems (AAS) where traditional RF connector ports are inaccessible. Therefore, the RIB serves as the virtual ""connector"" or measurement reference plane—a defined physical and electromagnetic surface surrounding the antenna array where radiated characteristics are evaluated. 

Here is the significance of the RIB in the context of IAB Type 1-H:

### 1. Managing Self-Interference in Half-Duplex Mode
IAB Type 1-H nodes use the same frequency for both the Access link (serving UEs) and the Backhaul link (connecting to the parent node) but cannot transmit and receive simultaneously. The primary challenge is managing the transition and isolation between these two functions.
* **Significance:** Because the backhaul and access antennas are often co-located, residual energy can ""leak"" from the transmit chain to the receive chain. The RIB defines the reference point for calculating antenna isolation. It ensures that during the rapid switching between backhaul and access modes, the radiated energy leaking across this boundary remains below the noise floor, preventing receiver desense and self-interference.

### 2. Validation of TDM Patterns and Guard Periods
Type 1-H operation relies on strict Time Division Multiplexing (TDM) patterns, inserting Guard Periods between transmit and receive switching times to allow for RF settling.
* **Significance:** The RIB is the boundary where switching transient performance is validated. Testers measure the signal at the RIB to ensure the node stops radiating completely before the receive window opens. If the radiated energy at the RIB does not decay sufficiently fast within the guard period, the half-duplex constraint is violated, leading to packet loss and interference with the incoming backhaul signal.

### 3. Beamforming and Spatial Isolation
IAB nodes use beamforming to direct backhaul links ""upwards"" to parent nodes and access links ""downwards"" to UEs. 
* **Significance:** The RIB defines the 3D volume where antenna beam patterns are characterized. In advanced Type 1-H implementations, spatial isolation supplements time isolation. By defining the RIB, engineers can ensure the main lobes of the transmit beams and receive beams do not overlap in a way that violates isolation requirements, optimizing the highly directional backhaul beam without interfering with the access area.

### 4. OTA Conformance and Regulatory Compliance
For an IAB node to be certified by 3GPP (TS 38.174 series) and regulatory bodies, it must pass strict limits on Out-of-Band (OOB) emissions, Total Radiated Power (TRP), and Maximum Permissible Exposure (MPE).
* **Significance:** The RIB serves as the legal and technical demarcation point. It is the measurement baseline used to verify that the equipment adheres to emission masks during half-duplex switching transients. Furthermore, it determines how total radiated power is calculated for human safety exposure limits, distinguishing whether the co-located backhaul and access radios are treated as single or separate sources.

### 5. Physical Integration and Deployment
IAB nodes are frequently deployed as small cells on street furniture like lampposts or building sides.
* **Significance:** Understanding the RIB informs the physical installation. Because it defines where the radiation begins, it establishes ""keep-out"" zones—areas where installers should avoid placing metal reflectors or other electronics that could distort the radiation boundary and degrade the half-duplex switching performance.

### Summary
In short, the RIB is the critical RF measurement surface that ensures the co-located backhaul and access radios of an IAB Type 1-H node can coexist without interfering with each other. It is the boundary where half-duplex time constraints, beamforming accuracy, and isolation requirements are physically validated to meet both 3GPP performance standards and regulatory safety limits.",
How is the maximum output power for the SUL carrier determined according to the testing requirements?,"The maximum output power measured on the SUL carrier must conform to the nominal maximum output power and associated tolerances specified in Table 6.2C.3.5-1. For UEs that support various configurations, including inter-band NR Carrier Aggregation (CA), NR-DC, SUL, or EN-DC, specific parameters such as ΔT~IB,c~ are applied as detailed in clauses relevant to those configurations. For operating bands with a frequency range of ≤ 1 GHz, the average additional ΔT~IB,c~ for all applicable band combinations is truncated to one decimal place. Conversely, for bands exceeding 1 GHz, the maximum value is considered. These requirements ensure that the UE's maximum output power remains within acceptable limits, maintaining performance standards during operation.<|im_end|>",,"According to 3GPP conformance testing specifications (primarily TS 38.521-1 for FR1 and TS 38.521-2 for FR2), the maximum output power for a Supplementary Uplink (SUL) carrier is determined by treating the SUL as an independent uplink carrier. The determination relies on the following hierarchy and parameters:

### 1. UE Power Class
The fundamental baseline for the maximum output power is the UE Power Class defined for the specific operating band assigned to the SUL carrier. 
* For most sub-6 GHz (FR1) bands, the standard is **Power Class 3**, corresponding to a nominal maximum power of **23 dBm**.
* Because the SUL band operates at a different frequency than the Normal Uplink (NUL) band, the SUL carrier must adhere to the power class limits of the **SUL band**, not the NUL band.

### 2. Network Configuration ($P_{CMAX}$)
While the compliance limit is based on the Power Class, the actual configured maximum power during a test is defined as $P_{CMAX}$. This value is derived by taking the lower of:
1. The UE's Power Class capability for the SUL band.
2. The $P_{Max}$ value signaled by the network (test system) via RRC signaling. In testing, this is usually set to allow the UE to reach its full Power Class capability.

### 3. Power Reductions (MPR / A-MPR)
The allowed maximum power during specific test configurations may be reduced to account for signal quality and regional emission requirements:
* **Maximum Power Reduction (MPR):** If the test configuration uses higher-order modulations (e.g., 64QAM, 256QAM) or specific Resource Block (RB) allocations that cause higher signal peaks, the UE is allowed to reduce its power.
* **Additional MPR (A-MPR):** Applied if specific regional spectrum emission masks (NS values) require further power back-off.

### 4. Test Tolerances and Pass/Fail Limits
During conformance testing, the measured output power ($P_{Measured}$) is compared against a limit derived from the Power Class, plus an allowed tolerance ($T_{High}$ / $T_{Low}$). 

The requirement is generally expressed as:
$$P_{Low} \leq P_{Measured} \leq P_{High}$$

Where the limits are calculated as:
* **Upper Limit ($P_{High}$):** $P_{PowerClass} + T_{High} - \text{MPR/A-MPR}$
* **Lower Limit ($P_{Low}$):** $P_{PowerClass} - T_{Low} - \text{MPR/A-MPR}$

The specific tolerance values depend on the frequency band and power class.

### 5. Aggregation and Simultaneous Transmission Considerations
For UEs supporting various configurations, including inter-band NR Carrier Aggregation (CA), NR-DC, SUL, or EN-DC, specific tolerance parameters such as $\Delta T_{IB,c}$ are applied as detailed in the specification tables (e.g., Table 6.2C.3.5-1). 
* For operating bands with a frequency range of $\leq 1$ GHz, the average additional $\Delta T_{IB,c}$ for all applicable band combinations is truncated to one decimal place.
* For bands exceeding 1 GHz, the maximum value is considered.
* If the testing scenario involves simultaneous transmission on both NUL and SUL, the maximum output power for the SUL carrier individually must still meet the single-carrier limits. Additionally, the total radiated power or sum of powers may be subject to specific limits to ensure the UE does not exceed thermal or SAR (Specific Absorption Rate) constraints.",
What are the scheduling restrictions for a UE performing radio link monitoring (RLM) on FR2 when using CSI-RS?,"When a UE performs radio link monitoring on FR2 using CSI-RS, specific scheduling restrictions apply. If the RLM-RS is a type-D CSI-RS with an active TCI state for PDCCH or PDSCH and it is not part of a CSI-RS resource set with repetition enabled, there are no scheduling restrictions due to radio link monitoring. However, if the RLM-RS is classified as FR2-1 or it does not utilize 480 kHz SCS or 960 kHz SCS on FR2-2, the UE is prohibited from transmitting PUCCH, PUSCH, or SRS, and from receiving PDCCH, PDSCH, or CSI-RS for tracking or CQI on the RLM-RS symbols designated for monitoring. In the case of FR2-2 using 480 kHz SCS or 960 kHz SCS, the UE must refrain from the same transmissions and receptions not only on RLM-RS symbols but also on one data symbol before and one data symbol after each RLM-RS symbol being measured.<|im_end|>",,"In 5G NR, when a UE operates in Frequency Range 2 (FR2) and performs Radio Link Monitoring (RLM) using CSI-RS, the network (gNB) must adhere to specific scheduling restrictions defined in 3GPP TS 38.213. Because FR2 relies heavily on directional beamforming and analog RF chains, these restrictions primarily prevent collisions between RLM measurements and regular data/control channels.

### 1. Symbol-Level Overlap and Spatial Filter Restrictions
The most critical restriction concerns time-domain overlaps between RLM resources and scheduled channels, driven by the UE's inability to simultaneously receive signals using different spatial domain filters (beams).
* **General Rule:** If a UE is configured with CSI-RS for RLM, it is **not required** to receive PDSCH/PDCCH or transmit PUCCH/PUSCH/SRS in OFDM symbols that overlap with the RLM-RS resources. The gNB should avoid scheduling the UE in these symbols unless the UE explicitly supports simultaneous reception across different beams.
* **FR2-2 Guard Symbols:** If the UE operates in FR2-2 using 480 kHz or 960 kHz SCS, the restriction is extended. The UE must refrain from transmitting or receiving on the RLM-RS symbols, as well as **one data symbol before and one data symbol after** each RLM-RS symbol, to accommodate RF retuning and beam-switching latency.
* **Exceptions:** If the RLM-RS utilizes an active TCI state (same QCL-TypeD/spatial beam) for PDCCH or PDSCH and is not part of a CSI-RS resource set with repetition enabled, there are no scheduling restrictions due to RLM. Additionally, if the UE has indicated a capability for simultaneous multi-beam reception (e.g., multi-panel UE), the gNB may schedule data on the same symbols using a different beam.

### 2. Rate Matching and Resource Configuration
If the gNB schedules PDSCH in a slot containing RLM-RS resources, the PDSCH must be **rate-matched around** the RLM-RS. The UE assumes the Resource Elements (REs) occupied by the RLM CSI-RS are unavailable for data payload. The gNB must also configure dedicated CSI-RS resource sets for RLM/BFD to prevent the UE from confusing them with CSI-RS used for channel estimation or mobility reporting.

### 3. Beam Alignment and BFD Interaction
In FR2, RLM is essentially synonymous with Beam Failure Detection (BFD). The CSI-RS used for RLM must be transmitted on the **active downlink beam** to accurately monitor the current link. If the RLM process detects a beam failure, the UE stops monitoring that resource and initiates Beam Failure Recovery (BFR), during which the gNB will schedule candidate beams instead.

### 4. Periodicity and Timing Constraints
To meet Radio Link Failure (RLF) detection timelines (defined in TS 38.133), the gNB must configure the CSI-RS periodicity to be sufficient for the UE to evaluate link quality within specified limits. The resources must be periodic and predictable, ensuring the UE can track beam degradation without triggering false positives.

### 5. BWP and DRX Constraints
RLM is strictly performed on the **Active Downlink Bandwidth Part (BWP)**. If the UE switches BWPs, the previous RLM configuration becomes invalid, and the gNB must configure new RLM-RS resources for the new active BWP. Furthermore, RLM is only performed during **DRX Active Time**. The gNB must ensure RLM-RS occasions fall within these active windows so the UE can monitor the link without missing expected measurement opportunities.",
"How is ΔR~IB,c~ determined for UEs supporting SUL when operating bands are defined?","For UEs that support Supplemental Uplink (SUL), the determination of ΔR~IB,c~ is based on the specific operating bands being utilized. Unless specified otherwise, the default value for ΔR~IB,c~ is set to zero. If the UE supports multiple band combinations and an operating band is included in several of these combinations, the method for calculating ΔR~IB,c~ depends on the frequency range of the operating band. For frequencies ≤ 1 GHz, the average of the ΔR~IB,c~ values for all applicable band combinations is used, while for frequencies > 1 GHz, the maximum value is applied. This approach ensures that the sensitivity requirements are adequately adjusted to maintain performance standards across different configurations and conditions.<|im_end|>",,"For User Equipment (UE) supporting Supplementary Uplink (SUL), the parameter **$\Delta R_{IB,c}$** (Inter-Band Relaxation Factor) is determined based on the specific operating bands being utilized. It is used to adjust requirements—such as Maximum Power Reduction (MPR) or receiver sensitivity—accounting for self-interference or power amplifier linearity constraints when multiple bands are active.

### 1. Determination Method
The value of $\Delta R_{IB,c}$ is not calculated dynamically by the UE in real-time. Instead, it is predefined by 3GPP specifications (specifically TS 38.101-1) through a table lookup based on the specific band combination.

*   **Inter-Band SUL:** When the Normal Uplink (NUL) and SUL operate in different frequency bands, the transmission is treated similarly to Inter-Band Carrier Aggregation (CA). The $\Delta R_{IB,c}$ value is determined by forming a band combination pair {NUL Band, SUL Band} (or evaluating the DL/SUL pair) and looking up the defined value in the relevant 3GPP tables (e.g., Table 6.2.4-1 for Inter-band CA MPR). The assigned value (e.g., 0 dB, 1 dB, 3 dB) depends on the spectral proximity, filtering capabilities, and isolation characteristics of the paired bands.
*   **Intra-Band SUL:** If the NUL and SUL carriers are within the same operating band, the Inter-Band relaxation rules do not apply, making $\Delta R_{IB,c}$ effectively 0 dB.

### 2. Default Value
Unless specified otherwise for a particular band combination, the default value for $\Delta R_{IB,c}$ is **0 dB**. If a specific band pair is not explicitly listed in the 3GPP tables, no relaxation is granted.

### 3. Multiple Band Combinations
If a UE supports multiple band combinations and an operating band is included in several of them, the calculation method for $\Delta R_{IB,c}$ depends on the frequency range of the operating band:
*   **For frequencies ≤ 1 GHz:** The **average** of the $\Delta R_{IB,c}$ values for all applicable band combinations is used.
*   **For frequencies > 1 GHz:** The **maximum** value among the applicable band combinations is applied.

This structured approach ensures that the UE's transmission and reception requirements are adequately adjusted to maintain performance standards across various configurations and interference scenarios.",
What is the significance of peak Equivalent Isotropic Radiated Power (EIRP) in the context of array antennas?,"The peak Equivalent Isotropic Radiated Power (EIRP) is a crucial metric that quantifies the effective radiated power of an antenna system in relation to an isotropic radiator. It is calculated using the formula \(EIRP = P_{	ext{tx}} + G_{E,max} + 20\log_{10}(	ext{MN}) + 10\log_{10}(P)\). In this equation, \(P_{	ext{tx}}\) represents the transmitted power, \(G_{E,max}\) is the maximum gain of the antenna, and \(M\) and \(N\) are parameters related to the array configuration. This calculation provides insights into the antenna's performance and its ability to transmit signals effectively over the intended coverage area. Understanding EIRP is essential for ensuring compliance with regulatory limits and optimizing network throughput in various deployment scenarios.<|im_end|>",,"In the context of array antennas (such as phased arrays and MIMO systems), **Peak Equivalent Isotropic Radiated Power (Peak EIRP)** is the maximum effective power density the system can project in a specific direction, typically achieved at boresight during constructive beamforming. It represents the power an isotropic radiator would need to produce the same power density in the main beam.

Mathematically, it is the product of the transmitter power and the array's maximum gain, minus any system losses: 
$$ \text{EIRP (dBm)} = P_{\text{tx}} (\text{dBm}) + G_{\text{antenna}} (\text{dBi}) - L_{\text{losses}} (\text{dB}) $$

The significance of Peak EIRP in array antenna systems spans five key areas:

### 1. Array Gain and Scaling Laws ($N^2$ Effect)
Unlike single antennas, arrays achieve high EIRP through coherent summation and directivity rather than just raw power. In an $N$-element array, adding elements increases both the total input power and the antenna gain by a factor of $N$. Consequently, the Peak EIRP scales proportionally to $N^2$ relative to a single element (or increases by $20\log_{10}(N)$ in dB). This allows arrays to achieve massive range using many small, low-power amplifiers rather than a single massive transmitter. However, designers must account for scan loss, as Peak EIRP decreases when the beam is steered off-axis.

### 2. Link Budget and Maximum Range
Peak EIRP is the starting point for the Friis Transmission Equation and the primary driver of the system's link budget. 
*   **Overcoming Path Loss:** In high-frequency applications (e.g., mmWave 5G or radar), path loss is severe. High Peak EIRP is required to maintain a sufficient Signal-to-Noise Ratio (SNR) at the receiver over long distances.
*   **Throughput:** Higher EIRP increases the link margin, allowing the system to overcome obstacles and utilize higher-order modulation schemes (e.g., 256-QAM) for greater data throughput.

### 3. Regulatory Compliance and Spectral Masks
Regulatory bodies (FCC, ETSI, ITU) strictly limit Peak EIRP to prevent interference with other systems.
*   **Directional Limits:** Unlike Total Radiated Power (TRP), EIRP measures power density in a specific direction. Regulators limit Peak EIRP to ensure that a narrowly focused ""pencil beam"" does not overwhelm receivers in its line of sight.
*   **Spurious Emissions:** High peak power can drive amplifiers into non-linearity, creating harmonics that violate spectral masks and out-of-band emission limits.

### 4. Hardware Architecture and Power Amplifier (PA) Design
Peak EIRP dictates the requirements for the Radio Frequency (RF) front-end, particularly in Active Electronically Scanned Arrays (AESA).
*   **Distributed Power:** To achieve high Peak EIRP, engineers distribute the load across many PAs. This prevents thermal bottlenecks and allows for ""graceful degradation"" if individual elements fail.
*   **PAPR and Back-off:** Modern signals (like OFDM) have a high Peak-to-Average Power Ratio (PAPR). To handle the *Peak* EIRP without distortion or clipping, PAs must operate with significant power back-off from their saturation point, forcing a trade-off between linearity and power efficiency.

### 5. RF Safety and Interference Management
*   **Human Exposure:** Safety standards for Maximum Permissible Exposure (MPE) and Specific Absorption Rate (SAR) are based on power density. Because arrays can focus high Peak EIRP into small areas, a system might be safe on average but unsafe in the main beam. This necessitates ""beam management"" to detect humans and reduce power or steer nulls.
*   **Spatial Filtering:** While high Peak EIRP increases interference *within* the beam, the narrow nature of the beam reduces interference to users *outside* that direction, enabling better frequency reuse.

### Summary
Peak EIRP is the definitive measure of an array antenna's ""punch."" It represents the critical intersection where array physics, hardware capabilities, regulatory limits, safety requirements, and desired communication range meet.",
What are the minimum conformance requirements for NR SA FR1 cell reselection as specified in the document?,"The minimum conformance requirements for NR SA FR1 cell reselection are outlined in a specific clause of the specification, which references TS 38.133. These requirements ensure that the User Equipment (UE) meets the necessary standards for intra-frequency NR cell reselection while fulfilling the stationary relaxed measurement criterion. The document specifies that these requirements apply to all NR RedCap UE with 2Rx capabilities from Release 17 onward. Additionally, a test requirement is established where the cell re-selection delay to an already detected cell must be less than 32 seconds during specified time periods (T1 and T2), with a performance target of at least 90% correct event rates observed during repeated tests. Compliance with these conditions is essential for ensuring reliable operation and performance of the UE in various network scenarios.<|im_end|>",,"Although no specific document was attached to your request, minimum conformance requirements for NR SA FR1 cell reselection are universally governed by 3GPP Technical Specifications, primarily **TS 38.521-1** (UE conformance specification; Radio transmission and reception; Part 1: Range 1 Standalone) and **TS 38.133** (Requirements for support of radio resource management). 

Based on these specifications, the minimum conformance requirements for cell reselection fall into several key categories:

### 1. General Performance & Pass/Fail Criteria
For a User Equipment (UE) to be considered conformant, it must meet specific performance metrics during standardized RRM (Radio Resource Management) test cases:
*   **Success Rate:** The UE must successfully complete the cell reselection procedure in at least **90%** of test attempts.
*   **Timing:** The cell re-selection delay to an already detected cell must be completed within a specified time limit (often defined by periods like T1 and T2, such as less than 32 seconds in specific relaxed measurement scenarios) after the reselection criteria are met.
*   **False Reselection:** The UE shall not reselect to a non-suitable cell.

### 2. Cell Selection Criteria (S-Criteria)
Before reselection can occur, the target cell must satisfy the minimum S-Criteria to be considered ""suitable"":
*   **$S_{rxlev} > 0$** (Cell Selection RX level value)
*   **$S_{qual} > 0$** (Cell Selection Quality value)
*   *Formulas:* 
    *   $S_{rxlev} = Q_{rxlevmeas} - (Q_{rxlevmin} + Q_{rxlevminoffset}) - P_{compensation}$
    *   $S_{qual} = Q_{qualmeas} - (Q_{qualmin} + Q_{qualminoffset})$

### 3. Ranking Criteria (R-Criteria) for Intra-Frequency Reselection
For intra-frequency reselection, the UE must accurately measure the signal (via SSB-RSRP/RSRQ) and rank the serving and neighbor cells correctly:
*   **Serving Cell ($R_s$):** $R_s = Q_{meas,s} + Q_{hyst}$
*   **Neighbor Cell ($R_n$):** $R_n = Q_{meas,n} - Q_{offset}$
*   **Requirement:** The UE must reselect to the neighbor cell only if $R_n > R_s$ for a continuous duration of the **$T_{reselection\_NR}$** timer.

### 4. Priority-Based Reselection (Inter-Frequency)
For inter-frequency reselection, the UE must adhere to absolute priority levels configured by the network (broadcast in SIBs):
*   **Higher Priority Frequency:** The UE must reselect to a higher priority layer if the neighbor cell's $S_{qual}$ or $S_{rxlev}$ exceeds **$Thresh_{X,High}$** for $T_{reselection\_NR}$, regardless of the serving cell's quality.
*   **Lower Priority Frequency:** The UE must only reselect to a lower priority layer if the serving cell's quality drops below **$Thresh_{Serving,Low}$** AND the neighbor cell exceeds **$Thresh_{X,Low}$** for $T_{reselection\_NR}$.

### 5. Test Environment & Reference Conditions
Conformance tests under TS 38.521-1 (typically found in Section 8.3) mandate specific reference conditions:
*   **Frequency & Bandwidth:** FR1 (410 MHz – 7125 MHz) with channel bandwidths ranging from 5 MHz to 100 MHz and subcarrier spacings of 15, 30, or 60 kHz.
*   **Propagation:** Tests are usually conducted under static conditions or specific fading profiles (e.g., AWGN, TDL) at low speeds (e.g., 3 km/h).
*   **DRX Cycle:** Tests often utilize specific Discontinuous Reception cycles (e.g., 1.28s) to verify the UE wakes up in time to measure neighbors.
*   **Sensitivity:** Tests are frequently conducted near reference sensitivity levels to ensure reselection works reliably at cell edges.

### 6. Applicability to Specific UE Types
The document specifies that certain relaxed measurement requirements apply to all NR RedCap (Reduced Capability) UEs with 2Rx capabilities from Release 17 onward, ensuring they meet necessary standards while fulfilling stationary relaxed measurement criteria.

*Note: If you are referencing a specific operator requirement document (e.g., AT&T, Verizon) or certification body (GCF/PTCRB), they may impose stricter requirements than the 3GPP baseline. For official compliance testing, always refer to the specific 3GPP release version (e.g., Rel-15, Rel-16, Rel-17) applicable to your device.*",
What are the key requirements for a RedCap UE when it undergoes a channel bandwidth change?,"When a RedCap UE receives a reconfiguration involving changes to *offsetToCarrier* or *carrierBandwidth*, it must be capable of receiving PDSCH/PDCCH on the new downlink bandwidth part (BWP) identified by firstActiveDownlinkBWP-Id, or transmitting PUSCH on the new uplink BWP identified by firstActiveUplinkBWP-Id. This must occur after a specific time duration calculated as \(rac{{T_{	ext{RRCprocessingDelay}} + T_{	ext{CBWchangeDelayRRC}}},{	ext{NR\ Slot\ length}}\) slots, starting from the beginning of the last downlink slot that overlaps with the PDSCH containing the RRC command. During this time duration, which includes the RRC processing delay and a fixed CBW change delay of 6 ms, the UE is not required to transmit uplink signals or receive downlink signals. This ensures that the UE can effectively manage the transition to the new channel bandwidth while maintaining service integrity.<|im_end|>",,"When a Reduced Capability (RedCap) UE undergoes a channel bandwidth change—whether via Bandwidth Part (BWP) switching or RRC reconfiguration of `offsetToCarrier` or `carrierBandwidth`—it must adhere to specific 3GPP requirements that balance performance with its reduced hardware complexity.

### 1. Maximum Bandwidth Constraints
The new bandwidth configuration must not exceed the RedCap hardware limits:
* **FR1 (Sub-7 GHz):** The UE must not be configured with a channel bandwidth or active BWP exceeding **20 MHz**.
* **FR2 (mmWave):** The UE must not be configured with a channel bandwidth or active BWP exceeding **100 MHz**.
The network is responsible for ensuring any target BWP or carrier bandwidth fits within the UE's signaled capabilities.

### 2. Switching Latency and Interruption Time
During a bandwidth change, the UE experiences an interruption where it cannot transmit or receive data.
* **RRC-Based CBW Change:** If the change involves `offsetToCarrier` or `carrierBandwidth` via RRC reconfiguration, the UE must be able to receive/transmit on the new first active BWP after a duration calculated as \((T_{RRCprocessingDelay} + T_{CBWchangeDelayRRC}) / \text{NR Slot length}\) slots. This includes a fixed channel bandwidth change delay of 6 ms.
* **BWP Switching:** For dynamic BWP switches, the UE must complete RF retuning (adjusting filters, local oscillators, and sampling rates) within the interruption time specified in TS 38.133. The timeline accounts for stabilizing the LO and adjusting filter bandwidths.

### 3. Initial Access and Capability Signaling
* **Capability Signaling:** The UE must signal its RedCap status (`redCap-UE`) and supported bandwidths during the `UE-NR-Capability` transfer phase.
* **Initial BWP:** The network must provide a specific `initialDownlinkBWP-RedCap` in SIB1 if the legacy initial BWP exceeds 20 MHz. If this is absent or the standard BWP is too wide, the RedCap UE cannot access the cell. 

### 4. Synchronization and Tracking
Upon switching to a new bandwidth, the UE must quickly re-establish synchronization.
* **Tracking Reference Signal (TRS):** If configured in the new BWP, the UE must be capable of measuring TRS immediately after the switch to validate synchronization before decoding the PDCCH.
* **Frequency & Timing:** The baseband must adjust the sampling rate to match the new bandwidth and compensate for any timing offsets or center frequency shifts to avoid Radio Link Failure (RLF).

### 5. Measurement and Control Channel Constraints
* **RRM Measurements:** The UE must resume RRM measurements (RSRP/RSRQ) on the new bandwidth within the time limits defined in TS 38.133. Due to reduced RX antennas (1 or 2), measurement gap sharing or length may differ from premium UEs.
* **CORESET:** The frequency domain resources of the Control Resource Set (e.g., CORESET 0) must not exceed the active BWP width supported by the RedCap UE, otherwise the UE will lose synchronization with the control channel.

### 6. Power, Efficiency, and Emissions
* **Power Scaling:** The UE should scale down its power consumption when assigned a narrow BWP and efficiently transition back to low-power sleep states (eDRX) if no data is scheduled.
* **Spectral Mask:** The UE must ensure the bandwidth change does not cause out-of-band interference, applying appropriate digital filtering to comply with 3GPP spectral emission masks even during the transition transient.
* **Half-Duplex FDD (HD-FDD):** For RedCap UEs using HD-FDD, strict guard periods must be enforced to prevent TX/RX collisions during the retuning process.

### 7. Processing Timeline Relaxations
RedCap UEs have relaxed baseband processing capabilities. After switching BWPs, if the network schedules data immediately, the UE is allowed relaxed PDSCH/PUSCH processing timelines (\(N_1\) / \(N_2\)) as per TS 38.214. The network scheduler must respect these relaxed timelines.",
What steps are involved in the test procedure for measuring a repeater's performance?,"The test procedure begins with setting the repeater to maximum gain. Next, the signal generator at the repeater's input port is adjusted to produce a wanted signal in accordance with test model R-FR1-TM1.1, ensuring the signal level corresponds to the manufacturer-specified maximum output power at this gain. Following this, the output port signal generator is set to create an interfering signal based on the same test model, while adhering to the bandwidth, level, and frequency offsets specified in Table 6.8.1.5.1-1. Emissions are measured at specified frequencies with the designated measurement bandwidth, ensuring that the measured values do not surpass the set limits, excluding measurements in the band of the interfering signal. The testing continues through all specified interfering signal frequency offsets, while excluding those outside the allocated frequency band for NR downlink. For specific bands like n41 and n90 in Japan, the test must be repeated with the parameters from Table 6.8.1.5.2-1. This structured approach ensures comprehensive performance evaluation of the repeater.<|im_end|>",,"Because the term ""repeater"" can refer to different technologies, the test procedure varies significantly. The most rigorous performance testing applies to **RF/Radio Repeaters** (cellular, public safety, amateur radio) and **Network/Wi-Fi Repeaters** (IT infrastructure). Below is a comprehensive procedure covering both types, along with general testing principles.

---

### Part 1: General Preparation & Safety
Before beginning specific tests, universal steps must be taken to ensure safety and accuracy:
*   **Safety Check:** Ensure RF radiation exposure limits are met and electrical safety standards are followed.
*   **Equipment Calibration:** Verify that all test equipment (signal generators, analyzers, laptops) is calibrated.
*   **Cable Loss Compensation:** Measure and account for the loss in test cables and connectors to ensure measurement accuracy.
*   **Isolation:** Use shielded cables and enclosures (Faraday cages or anechoic chambers) if testing high-gain RF repeaters to prevent feedback loops (oscillation) or interference with live networks.

---

### Part 2: RF / Radio Repeater Test Procedure
*Used for: Cellular signal boosters, Land Mobile Radio (LMR), Microwave.*

**Required Equipment:** Signal Generator, Spectrum Analyzer, Power Meter, Attenuators (critical for protecting equipment), VSWR Bridge or Vector Network Analyzer (VNA).

#### Step 1: Visual and Physical Inspection
*   Check connectors for damage or corrosion.
*   Verify power supply voltage and current ratings.
*   Ensure cooling fans/vents are unobstructed.

#### Step 2: VSWR / Return Loss Measurement
*   **Goal:** Ensure the repeater accepts power efficiently and doesn't reflect it back to the source.
*   **Procedure:** Connect a VSWR bridge or VNA to the Input and Output ports individually.
*   **Pass Criteria:** VSWR should typically be < 1.5:1 (or Return Loss > 14 dB).

#### Step 3: Gain Verification & Flatness
*   **Goal:** Confirm the repeater amplifies the signal by the specified amount consistently across the operating bandwidth.
*   **Procedure:** Inject a known signal level (e.g., -50 dBm) from the Signal Generator into the Repeater Input. Measure the output power using a Power Meter or Spectrum Analyzer. Calculate: Gain = Output Power - Input Power.
*   **Note:** Ensure the amplifier is not saturated (operating in the linear region).

#### Step 4: Isolation Testing (Critical)
*   **Goal:** Prevent the repeater from oscillating. The isolation between the donor (receive) and service (transmit) antennas must be higher than the repeater's gain.
*   **Procedure:** Connect the Signal Generator to the Input port and the Spectrum Analyzer to the Output port. Measure the signal leakage directly through the unit or between antennas in the installation environment.
*   **Pass Criteria:** Isolation (dB) > Gain (dB) + Safety Margin (usually 10–15 dB).

#### Step 5: Noise Figure (NF) Measurement
*   **Goal:** Determine how much noise the repeater adds to the signal.
*   **Procedure:** Use a Noise Figure Analyzer or the ""Y-Factor"" method with a calibrated noise source. Compare the Signal-to-Noise Ratio (SNR) at the input to the SNR at the output.
*   **Pass Criteria:** Lower is better (typically 3–6 dB for high-quality units).

#### Step 6: Linearity and Distortion (P1dB and IP3)
*   **Goal:** Test linearity to ensure strong signals are not clipped or distorted.
*   **1dB Compression Point (P1dB):** Increase the input power until the output gain drops by 1 dB. This defines the maximum linear input power.
*   **Third-Order Intercept Point (IP3):** Inject two closely spaced tones. Measure the power of the resulting intermodulation products. Higher IP3 indicates better linearity and less interference.

#### Step 7: Spurious Emissions & Harmonics
*   **Goal:** Ensure the repeater isn't broadcasting on unauthorized frequencies.
*   **Procedure:** Sweep the Spectrum Analyzer across a wide frequency range while the repeater is transmitting.
*   **Pass Criteria:** Any signals outside the designated band must be below regulatory limits.

#### Step 8: ALGC (Automatic Level Gain Control) Response
*   **Goal:** Verify the repeater reduces gain automatically if the input signal gets too strong (to prevent overload).
*   **Procedure:** Gradually increase input power and monitor output.
*   **Pass Criteria:** Output should cap/flatten rather than continuing to rise linearly.

---

### Part 3: Network / Wi-Fi Repeater Test Procedure
*Used for: Ethernet extenders, Wi-Fi Range Extenders, Mesh Nodes.*

**Required Equipment:** Two Computers (Client and Server), iPerf3 software, Wi-Fi Analyzer App, Ethernet Cables.

#### Step 1: Baseline Establishment
*   **Goal:** Establish the speed of the main router without the repeater.
*   **Procedure:** Connect a test laptop directly to the main router (via 5GHz Wi-Fi or Ethernet). Run a speed test (iPerf3 or Ookla). Record Throughput, Latency (Ping), and Jitter.

#### Step 2: Placement and Signal Strength (RSSI)
*   **Goal:** Verify the repeater is placed where it receives a strong signal from the main router but is close enough to the dead zone.
*   **Procedure:** Use a Wi-Fi analyzer app at the repeater's location.
*   **Pass Criteria:** RSSI should be better than -70 dBm from the main source.

#### Step 3: Throughput Degradation Test
*   **Goal:** Measure the speed loss inherent to repeating (half-duplex penalty).
*   **Procedure:** Connect Computer A to the Main Router (via Ethernet) and Computer B to the Repeater (via Wi-Fi or Ethernet). Run iPerf3 between Computer A and B.
*   **Pass Criteria:** Compare against the baseline. Expect 40–60% of the main router's speed for single-band repeaters; 70–80% for dual/tri-band mesh systems.

#### Step 4: Latency, Jitter, and Packet Loss
*   **Goal:** Measure response time stability and connection integrity.
*   **Procedure:** Run a continuous Ping test (`ping -t`) from the client to the gateway while transferring data. Send a large number of ping packets (e.g., 1000) while under load.
*   **Pass Criteria:** Latency increase should be minimal (< 10ms added). Jitter should be low (< 5ms). Packet loss should be 0%.

#### Step 5: Roaming / Handoff Test (For Mesh/Enterprise)
*   **Goal:** Ensure devices switch from the Main Router to the Repeater seamlessly.
*   **Procedure:** Walk with a mobile device running a continuous ping while moving from the Router's range to the Repeater's range.
*   **Pass Criteria:** No more than 1 or 2 dropped packets during the transition.

---

### Part 4: Signal Integrity (Digital Repeaters/Regenerators)
For digital repeaters, the focus shifts from power to data accuracy:
*   **Bit Error Rate (BER):** Send a pseudo-random binary sequence (PRBS) through the repeater. Compare the output sequence to the input. Ideal result is $\le 10^{-9}$.
*   **Jitter and Latency:** Measure the time delay introduced by the repeater's processing circuitry. Excessive jitter can cause synchronization failures in high-speed data links.
*   **Eye Diagram Analysis:** Use an oscilloscope to view the ""eye opening."" A wide-open eye indicates a clean, well-regenerated digital signal.

---

### Part 5: Environmental Stress & Reporting
**Environmental Testing (Optional):**
*   **Thermal Testing:** Run the repeater at maximum load in a thermal chamber. Measure if the gain drops or if the noise figure increases as the device heats up.
*   **Stability/Soak Test:** Run the device for 24–72 hours to ensure there is no ""drift"" in frequency or power output.

**Documentation and Reporting:**
1.  **Compare to Specifications:** Check all measured values (Gain, VSWR, NF, Throughput, BER) against the manufacturer's datasheet.
2.  **Pass/Fail Determination:** 
    *   *Pass:* All metrics within tolerance.
    *   *Fail:* Isolation too low (RF), throughput too low (Network), excessive spurious emissions, or high BER.
3.  **Documentation:** Log all settings, cable losses, equipment serial numbers, and environmental conditions. Affix a ""Tested"" sticker with the date and technician's ID on the equipment.

### ⚠️ Important Safety Warning
*   **RF Repeaters:** Never transmit into a Spectrum Analyzer without sufficient **attenuation**. High power will instantly destroy the analyzer's input circuitry.
*   **Live Networks:** Do not test repeaters on production networks without approval, as misconfiguration can cause broadcast storms or interference with critical services.",
What are the basic limits for NR BS output power based on?,"The basic limits for NR Base Station (BS) output power are defined based on the rated carrier output power. This means that the output power limits are established in relation to the specified rated power levels for the base stations, ensuring that they operate within acceptable performance parameters as outlined in the relevant specifications.<|im_end|>",,"The basic limits for New Radio (NR) Base Station (BS) output power are not determined by a single factor, but rather by an interplay of 3GPP technical specifications, regulatory safety standards, hardware physics, and network design goals.

Here is a breakdown of what these limits are based on:

### 1. 3GPP Standardization (TS 38.104)
The primary technical baseline is defined by the 3rd Generation Partnership Project (3GPP) in specification **TS 38.104**. These limits are based on the rated carrier output power and vary by several classifications:
*   **Base Station Power Class:** 3GPP categorizes base stations into different classes based on deployment scenarios. Class 1 (Macro cells) has the highest power limits (e.g., up to 46 dBm per carrier), while Classes 2, 3, and 4 (Micro, Pico, and Femto cells) have progressively lower limits.
*   **Frequency Range (FR):** 
    *   **FR1 (Sub-6 GHz):** Limits are typically defined as conducted power at the antenna connector.
    *   **FR2 (mmWave):** Due to high path loss and the use of beamforming, limits are defined in terms of **EIRP** (Equivalent Isotropically Radiated Power) or **TRP** (Total Radiated Power).
*   **Operating Band:** The maximum mean output power limit is defined per specific NR operating band (e.g., n1, n78) to account for regional spectrum allocations.
*   **Antenna Configuration:** For Massive MIMO and FR2, limits consider beamforming gain and are often defined over-the-air (OTA) rather than just at the antenna connector.

### 2. Regulatory and Safety Constraints
Even if 3GPP allows a certain power level, national regulators (e.g., FCC, Ofcom) impose stricter limits based on safety and interference management:
*   **EMF/RF Exposure:** Absolute ceilings are often dictated by human safety regulations regarding electromagnetic fields (e.g., ICNIRP guidelines). Regulators set maximum permissible exposure levels, limiting power density at a specific distance from the antenna.
*   **Spectrum Licensing:** Licenses often cap the EIRP per band to prevent one operator's transmissions from drowning out neighboring services or adjacent operators.

### 3. Hardware and Physical Limits
Theoretical limits are often curtailed by what is physically practical to build and operate:
*   **Power Amplifier (PA) Linearity:** NR signals using OFDM have a high Peak-to-Average Power Ratio (PAPR). To avoid distortion and spectral regrowth, PAs must operate in their linear region, requiring the average output power to be backed off from the saturation point.
*   **Thermal Dissipation:** Higher output power generates significant heat. Limits are often based on the ability of the equipment's cooling system to dissipate heat without throttling or damaging components.

### 4. Interference and Spectral Limits
To ensure spectrum coexistence, base stations must manage their emissions:
*   **Spectral Emissions and ACLR:** Limits on out-of-band emissions (defined by the Spectral Emission Mask and Adjacent Channel Leakage Ratio) ensure that power does not leak into neighboring frequencies. Meeting these strict leakage limits often requires reducing maximum output power.
*   **Inter-Cell Interference:** In dense networks, transmitting at maximum power can create interference for neighboring cells using the same frequency. Power is often limited dynamically to optimize overall network capacity.

### 5. Network Planning and Link Balance
Operational limits are set to ensure the network functions efficiently:
*   **Uplink/Downlink Balance:** If a base station transmits with too much power compared to the User Equipment (UE), the UE can hear the BS, but the BS cannot hear the UE. BS power is limited to match the coverage radius of the uplink.
*   **Coverage vs. Capacity:** Network operators configure power limits based on whether the goal is wide-area coverage (Macro cells) or high-capacity localized coverage (Small cells).

### Summary
In short, while **3GPP TS 38.104** provides the technical baseline for what the equipment *can* do based on its class, frequency, and band, **National Regulators** define what is *allowed* regarding safety and interference, and **Hardware Physics** dictates what is *practical* to implement.",
What are the conditions under which handover between NR and LTE connected to EPC is supported?,"Handover between NR and LTE connected to EPC is contingent upon decisions made by SA2 and the support of NGx that facilitates context mapping between the NG Core and EPC. If these conditions are met, a conventional S1/NG-based handover procedure is employed. During this procedure, the target RAT acquires the UE's S1 context information, which enables it to configure the UE with a complete RRC message and a full configuration, rather than a delta configuration. This highlights the importance of both the architectural decisions and the functional capabilities of the involved networks in ensuring seamless mobility support.<|im_end|>",,"Handover between NR (5G) and LTE (4G) when connected to the EPC (Evolved Packet Core) is defined in 3GPP Release 15 and later. The conditions for this handover depend heavily on the network architecture, distinguishing between true Inter-RAT handovers (where the gNB connects directly to the EPC) and dual connectivity operations (EN-DC).

### 1. Architectural Context
* **Standalone NR to EPC (Option 2):** The UE is connected to either NR or LTE. Moving between them is a standard Inter-RAT Handover. The gNB must terminate the S1 interface directly.
* **Non-Standalone (EN-DC, Option 3/3a/3x):** The UE is connected to both LTE (Master Node) and NR (Secondary Node) simultaneously. Moving from NR+LTE to LTE-only is not a traditional handover, but a Secondary Node (SN) Release. In standard EN-DC, the gNB connects to the EPC via the eNB using the X2 interface.

### 2. Core Network (EPC) Conditions
Since the EPC was originally designed for LTE, it requires upgrades to support NR:
* **MME Support:** The Mobility Management Entity (MME) must be upgraded to support NG-RAN nodes. It must recognize the gNB as a valid target, process 5G-specific parameters, support the NR RAT Type, and manage the transfer of the UE context (security keys, bearer contexts) between E-UTRAN and NG-RAN.
* **S-GW Support:** The Serving Gateway (S-GW) must support the S1-U interface towards the gNB to handle user plane tunnels established with the 5G radio node.
* **HSS & PCRF:** The Home Subscriber Server (HSS) must authorize NR access, and the Policy and Charging Rules Function (PCRF) must be able to apply QoS policies for NR bearers.

### 3. Radio Access Network (RAN) Conditions
* **Interface Connectivity:** For a true Inter-RAT handover, the gNB must support direct S1-MME and S1-U connections to the EPC. For faster mobility, an X2 interface (X2-C and X2-U) between the eNB and gNB allows direct context transfer without routing through the core.
* **Neighbor Relations:** Neighbor relations (NRT) must be configured between LTE and NR cells to allow measurement reporting and handover triggering.
* **Measurement Triggers:** Handover is triggered based on radio measurements (RSRP/RSRQ). Common events include Event A2 (serving cell drops below a threshold, triggering target RAT measurements), Event A4/A5 or B1/B2 (target RAT becomes sufficiently strong).
* **Synchronization:** Time synchronization (e.g., via GPS or IEEE 1588) is generally required between eNB and gNB to support smooth handover measurements and dual connectivity.

### 4. User Equipment (UE) Conditions
* **Inter-RAT & Dual Connectivity Capability:** The UE must support Inter-RAT handover between E-UTRA and NR. For EN-DC scenarios, it must specifically support E-UTRA-NR Dual Connectivity.
* **Band Support:** The UE must support the specific frequency bands and band combinations used by both the LTE and NR networks.
* **Measurement Capability:** The UE must be capable of measuring NR cells while connected to LTE (and vice versa), reporting these measurements to the network, and supporting the required EPS security algorithms for the target RAT.

### 5. Procedural and Service Conditions
* **Voice Continuity (VoLTE):** Since the EPC does not support Voice over NR (VoNR), voice services must be handled via VoLTE (IMS over LTE). If handing over from LTE to an NR cell that does not support IMS Voice over PS, the network must trigger EPS Fallback or restrict the handover to prevent call drops.
* **QoS Mapping:** EPS Bearer QoS parameters (QCI, ARP) must be mappable to the corresponding radio resources on the target cell, and all active bearers (GBR and Non-GBR) must be supported by the target.
* **Security Context:** The MME manages the security context transfer, ensuring security keys are derivable between the two RATs. During S1-based handovers, the target RAT acquires the UE's S1 context, enabling it to configure the UE with a complete RRC message rather than a delta configuration.

### Limitations
Because the core remains EPC throughout the session, 5GC-specific features like Network Slicing and the N26 interface are not utilized. Additionally, the conditions above apply strictly to **Connected Mode** mobility; idle mode transitions are handled via standard Cell Reselection.",
"How is the RRC connection release with redirection procedure initiated, and which technical specification outlines this process?","The RRC connection release with redirection procedure is initiated through the transmission of the RRCRelease message by the network. This message indicates to the User Equipment (UE) that it should release its current RRC connection and provides redirection information for connecting to NR. The detailed procedure and requirements for executing this redirection are specified in clause 5.3.8 of TS 38.331. This specification ensures that the process is standardized across different implementations, facilitating interoperability and efficient network operations. The clarity provided in TS 38.331 is essential for developers and engineers to implement the procedure correctly.<|im_end|>",,"The **RRC Connection Release with Redirection** procedure is a network-initiated mechanism used to disconnect a User Equipment (UE) from its current cell and instruct it to connect to a different frequency or Radio Access Technology (RAT). Unlike a seamless handover, redirection is a ""blind"" process where the UE drops to idle mode before re-establishing a connection on the target cell.

### Technical Specifications
The procedure is defined by the 3GPP (3rd Generation Partnership Project) RRC specifications:
*   **For LTE (4G):** Outlined in **3GPP TS 36.331** (*E-UTRA; Radio Resource Control*), specifically in Section 5.3.8. The overall architecture is described in TS 36.300.
*   **For 5G NR:** Outlined in **3GPP TS 38.331** (*NR; Radio Resource Control*), also in clause 5.3.8, utilizing the `RRCRelease` message. The overall description is in TS 38.300.

### How the Procedure is Initiated
The UE cannot request redirection; it must be commanded by the network (the eNodeB in LTE or gNodeB in 5G). The initiation flow follows these steps:

1.  **Network Decision:** The base station determines that the UE should be moved. Common triggers include:
    *   **CS Fallback (CSFB):** Moving the UE from LTE to a 2G/3G network to handle a circuit-switched voice call.
    *   **Load Balancing:** Relieving congestion on the current carrier by moving idle or connected users to a less loaded frequency or RAT.
    *   **Coverage Optimization:** Directing the UE to a frequency or RAT with better signal propagation when at the edge of coverage.
    *   **Service Termination:** Parking the UE on a specific frequency better suited for idle mode camping after a data session ends.
2.  **Message Transmission:** The network sends an **`RRCConnectionRelease`** (LTE) or **`RRCRelease`** (5G) message to the UE on the Downlink Dedicated Control Channel (DL-DCCH).
3.  **Key Information Element:** The message includes the **`redirectedCarrierInfo`** Information Element (IE). This field specifies the target frequency (e.g., EARFCN or NR-ARFCN) and potentially the target RAT (e.g., UTRA or GERAN). It may also include system information to speed up the re-selection process.
4.  **UE Action:** Upon receiving the message, the UE releases its current RRC connection and transitions from `RRC_CONNECTED` to `RRC_IDLE`. It stops transmitting and receiving on the current frequency, tunes its radio to the specified target, performs cell selection, and camps on the new cell. If needed (such as for a voice call), the UE then initiates a new connection establishment procedure on the target network.",
How does the timing of TCI state switching differ for cases where the target TCI state is unknown?,"In scenarios where the target TCI state is unknown for a FR2 power class 6 UE, the switching procedure follows the same requirements specified for unknown target TCI states in clause 8.10.3. This means that the UE must adhere to the predefined timing and signaling mechanisms outlined in that clause, ensuring consistency in TCI state management regardless of whether the target state is known or not. This uniform approach facilitates reliable operations and prevents potential errors during the TCI state switching process, thereby maintaining system integrity and performance.<|im_end|>",,"In 5G New Radio (NR), **TCI (Transmission Configuration Indicator)** state switching involves the gNB instructing the UE to update its receive beam (spatial filter) or Quasi-Co-Location (QCL) assumptions. The timing of this switch depends heavily on whether the target TCI state is ""Known"" or ""Unknown"" to the UE, as defined in 3GPP TS 38.133.

### 1. Definition of ""Known"" vs. ""Unknown""
The distinction relies on whether the UE has valid, recent measurement data for the Reference Signal (RS) associated with the new TCI state (specifically the QCL-TypeD source RS):
*   **Known TCI State:** The UE has recently measured the associated RS (e.g., within the last 1280 ms) and has valid L1-RSRP, Time/Frequency Tracking Loop (TTL/FTL), and Automatic Gain Control (AGC) data.
*   **Unknown TCI State:** The UE has not recently measured the associated RS (e.g., the measurement is too old or weak). The UE lacks valid tracking information and cannot assume the channel parameters are synchronized.

### 2. Timing for a ""Known"" Target TCI State
When the target TCI state is known, the UE already stores the necessary beamforming weights and synchronization parameters, making the switch a rapid digital reconfiguration.
*   **Process:** The UE receives a MAC-CE command activating the TCI state, sends a HARQ-ACK, and then applies the switch.
*   **Timing:** The delay is purely for internal processing. The UE is typically required to apply the new TCI state no later than **3 ms** (or the equivalent slot count depending on Subcarrier Spacing) after the HARQ-ACK transmission.
*   **Scheduling:** Because the state is known, the gNB can schedule PDSCH on the new beam almost immediately after the 3 ms window with minimal interruption.

### 3. Timing for an ""Unknown"" Target TCI State
When the target TCI state is unknown, the UE cannot reliably decode data immediately. It must first perform physical layer measurements to identify the new beam, estimate channel parameters, and calculate new beamforming weights.
*   **Process:** The UE must wait for the next SSB or CSI-RS occasion, perform an L1-RSRP measurement, converge its tracking loops (TTL/FTL/AGC), and finally update its RF chain and beamforming weights.
*   **Timing:** There is **no fixed 3 ms requirement**. The latency is relaxed and becomes variable, determined by:
    $$T_{total} = T_{HARQ\_ACK} + T_{proc} + T_{measure}$$
    The variable component ($T_{measure}$) depends on the periodicity of the associated Reference Signal (e.g., 5 ms, 20 ms, 80 ms), meaning the UE might need to wait tens of milliseconds.
*   **Scheduling:** The network **cannot** assume the UE can receive data on the new beam immediately. The gNB must introduce a scheduling gap and wait until the UE has had sufficient time to measure the RS and validate the beam. 

*(Note: For certain specific device classes, such as FR2 Power Class 6 UEs, the switching procedure for unknown target TCI states follows the same uniform requirements outlined in clause 8.10.3 of the 3GPP specifications, ensuring reliability and preventing errors.)*

### 4. Practical Implications for Network Scheduling
Because of this timing difference, the gNB scheduler must adapt:
*   **Avoiding Latency:** To avoid the ""Unknown"" latency penalty, networks typically use Beam Refinement procedures. The gNB configures the UE to measure candidate beams and report them so the state becomes ""Known"" before sending the activation MAC-CE.
*   **Dynamic Switching:** When indicating a TCI state dynamically via DCI, a threshold (often called `timeDurationForQCL`) is used. If the scheduling offset is smaller than this threshold, the UE assumes the old TCI state, protecting against failures from unknown states.
*   **Aperiodic CSI-RS:** To reduce the measurement delay for unknown states, the gNB may trigger an Aperiodic CSI-RS to help the UE measure the new beam faster, though this adds signaling overhead.",
What are the actions performed by a transmitting PDCP entity when a PDCP entity suspend is requested by upper layers?,"When upper layers request a PDCP entity suspend, the transmitting PDCP entity must take specific actions to ensure the proper handling of data. Firstly, it sets the TX_NEXT parameter to its initial value, which effectively resets the transmission state. Additionally, it discards all stored PDCP Protocol Data Units (PDUs), which means any data that has not been transmitted is removed from the entity's buffers. This process is crucial for maintaining data integrity and ensuring that no stale data is sent after the suspend request.<|im_end|>",,"Based on 3GPP specifications (such as TS 38.323 for NR and TS 36.323 for LTE), when upper layers (typically RRC) request a PDCP entity suspend—often during a transition to RRC_INACTIVE state or specific handover scenarios—the transmitting PDCP entity pauses its operations while preserving its context for a seamless future resumption. 

The transmitting PDCP entity performs the following key actions:

### 1. Stop Discard Timers
The entity must **stop the discard timer** (`t-Discard`) for all PDCP SDUs currently stored in the transmission buffer. 
*   *Purpose:* This prevents PDCP SDUs from being dropped due to timeouts while the connection is temporarily inactive, ensuring the data is preserved for transmission upon resume.

### 2. Cease Transmission to Lower Layers
The entity **stops transmitting** any further PDCP PDUs (both Data and Control PDUs) to the lower layers (RLC). 
*   *Purpose:* This effectively freezes the data flow. No new PDCP PDUs are generated or submitted for transmission during the suspension period.

### 3. Retain Buffers
All PDCP SDUs stored in the transmission buffer—both those awaiting initial transmission and those awaiting acknowledgment—are **retained** and not flushed. Furthermore, any new PDCP SDUs delivered from upper layers during the suspension are simply stored in the buffer rather than being processed or discarded.

### 4. Preserve State Variables and Context
To ensure seamless continuation when the entity is resumed, the PDCP entity saves its current context:
*   **State Variables:** It maintains `TX_NEXT` (the COUNT value for the next PDCP SDU to be transmitted) without resetting it. This prevents sequence numbering gaps.
*   **Security Context:** The security configuration, including ciphering keys and the Hyper Frame Number (HFN) part of the COUNT value, is preserved. This allows integrity protection and ciphering to continue seamlessly without requiring new security key derivation.
*   **Header Compression Context:** If Robust Header Compression (ROHC) is configured, the current compression context is maintained. This avoids the overhead of re-initializing the compression state upon resumption.

### Summary: Suspend vs. Re-establishment
It is important to distinguish **Suspend** from **PDCP Re-establishment**. While a suspend preserves state variables, buffers, and security context to pause data flow, a re-establishment typically resets state variables (like `TX_NEXT` for SRBs) and is used during connection recovery or handover procedures.",
What is the role of the BAP entity in routing within the context of BH Routing Configuration?,"The BAP entity is responsible for routing based on the BH Routing Configuration, which is derived from an F1AP message. Each entry in this configuration includes a BAP Routing ID, composed of a BAP address and a BAP path identity, along with a Next Hop BAP Address. When transmitting a BAP Data PDU, the BAP entity follows specific conditions to select the appropriate egress link for the transmission. This involves checking the status of the BH Routing Configuration and ensuring that the egress link is available, particularly noting that it should not be in a state of BH RLF. The selection process is critical to ensure efficient data flow through the network.<|im_end|>",,"In the context of 5G Integrated Access and Backhaul (IAB), the Backhaul Adaptation Protocol (BAP) entity acts as a Layer 2 routing engine that executes the routing decisions dictated by the BH (Backhaul) Routing Configuration. 

Here is a detailed breakdown of the BAP entity's role in routing:

**1. Configuration and Routing Table Management**
The IAB Donor Central Unit (CU) determines the network topology and calculates the routes, sending BH Routing Configuration messages (via F1-AP) to the IAB nodes. Upon receiving this configuration, the BAP entity updates its internal routing table. Each entry maps a BAP Routing ID—composed of a Destination BAP Address and a BAP Path ID—to a specific Next Hop, which is identified by a Backhaul RLC (Radio Link Control) Channel.

**2. Packet Processing and Forwarding**
Positioned above the RLC layer and below the PDCP/IP layer, the BAP entity handles the addition, inspection, and removal of the BAP header:
*   **Ingress/Transit:** When receiving a BAP Data PDU from an RLC channel, the BAP entity inspects the BAP header. If the destination is another node, it consults its routing table to determine the next hop. It then selects the appropriate egress link for transmission, ensuring the link is available and not in a BH Radio Link Failure (RLF) state.
*   **Local Traffic:** If the Destination BAP Address matches the node's own address, the BAP entity strips the header and delivers the payload up to the PDCP layer for local access (e.g., traffic destined for a UE attached directly to this node).

**3. Mapping to Backhaul RLC Channels**
Based on the routing configuration, the BAP entity maps packets to specific BH RLC channels. This ensures traffic is steered onto the correct channel corresponding to the configured route and Quality of Service (QoS) requirements, keeping backhaul routing independent of the user plane IP stack.

**4. Topology Flexibility**
By handling routing based on centralized configuration rather than dynamic IP routing protocols (like OSPF or BGP), the BAP entity enables key IAB features:
*   **Multi-Hop Routing:** Packets can hop through multiple IAB nodes, with each node's BAP entity making an independent next-hop decision without terminating the IP stack at intermediate nodes.
*   **Redundancy and Re-routing:** If a radio link fails, the Donor CU can send a new configuration, allowing the BAP entity to reroute traffic to an alternative path without breaking the end-to-end session.
*   **Loop Prevention:** The configuration ensures routing tables do not create loops within the Layer 2 topology.

In summary, the BAP entity serves as the configurable forwarding engine that reads the BAP header and switches packets to the correct RLC channel, allowing the 5G network to treat the multi-hop wireless backhaul as a centrally managed Layer 2 fabric. *(Defined in 3GPP TS 38.340)*.",
What are the key parameters defined for the IAB-MT FR1 test models in terms of TDD configuration?,"The IAB-MT FR1 test models are characterized by several key parameters under the TDD configuration. The duration for testing is set at 2 radio frames, equivalent to 20 ms. The slots are numbered from 0 to 10×2^µ - 1, where µ denotes the numerology associated with the subcarrier spacing. The maximum transmission bandwidth, denoted as N~RB~, follows the specifications outlined in clause 5.3.2 of TS 38.174. The tests utilize a normal cyclic prefix (CP) and employ virtual resource blocks of a localized type. Specific configurations for uplink and downlink are defined through the information element *TDD-UL-DL-ConfigCommon* as per TS 38.331. These parameters are vital for ensuring consistency and reliability in testing the physical channels for IAB-MT implementations.<|im_end|>",,"For IAB-MT (Integrated Access and Backhaul – Mobile Termination) in FR1 (Frequency Range 1), TDD (Time Division Duplex) configuration is critical because the IAB node acts as both a UE (to its parent/donor) and a gNB (to its children/UEs). The IAB-MT utilizes standard NR FR1 Test Models (e.g., TM1, TM2, TM3), but specific TDD parameters are enforced to validate Time Division Multiplexing (TDM) between the Backhaul (MT) and Access (DU) links. 

These parameters, governed primarily by 3GPP TS 38.174 (IAB Radio Transmission and Reception) and referenced via TS 38.101-1 and TS 38.213, include:

### 1. TDD UL-DL Configuration and Periodicity
*   **TDD UL-DL Configuration Index:** Defines the sequence of Downlink (D), Uplink (U), and Flexible (F) slots/symbols within a periodicity (typically configurations 0–6 from TS 38.213 Table 11.1.1-1). 
*   **DL-UL Transmission Periodicity:** Standard values include 2.5 ms, 5 ms, and 10 ms. Shorter periodicities (like 2.5 ms or 5 ms) are often preferred in IAB testing to allow for more frequent switching opportunities between Backhaul and Access links, reducing latency in multi-hop networks.
*   **Slot Configuration Pattern:** Commonly defined by the *TDD-UL-DL-ConfigCommon* information element (TS 38.331), patterns like DDDSU (3 Downlink, 1 Special, 1 Uplink) are used to simulate backhaul traffic patterns and test capacity under various loads.

### 2. Slot Format and Guard Period (Switching Time)
*   **Special Slot Configuration:** Within the ""Special"" or flexible slot, the specific allocation of Downlink symbols, Uplink symbols, and Guard symbols (e.g., 10 DL : 2 GP : 2 UL) is strictly defined.
*   **Guard Period (GP):** The GP is derived from the flexible symbols and is critical for IAB-MT testing. It must provide sufficient time for the IAB-MT to switch from RX (Backhaul DL) to TX (Backhaul UL) or to yield to the DU. This validates that the IAB-MT meets the half-duplex constraint (cannot TX/RX simultaneously on the same frequency) and switching time requirements (e.g., $N_{switch}$) without causing self-interference.

### 3. Numerology and Frame Structure
*   **Subcarrier Spacing (SCS):** For FR1, SCS is typically 15 kHz, 30 kHz, or 60 kHz. 30 kHz is commonly prioritized in IAB testing as it provides a balance between coverage and latency, offering sufficient symbol granularity for TDM switching.
*   **Frame and Slot Duration:** Testing is typically set at a duration of 2 radio frames (20 ms). Slots are numbered from 0 to $10 \times 2^\mu - 1$, where $\mu$ denotes the numerology associated with the SCS.
*   **Cyclic Prefix (CP) and Resource Blocks:** Tests utilize a Normal CP and localized virtual resource blocks. The maximum transmission bandwidth ($N_{RB}$) follows the specifications outlined in TS 38.174.

### 4. Timing and Synchronization
*   **Timing Advance (TA):** Compensates for propagation delay between the IAB-Donor and IAB-MT. Test models verify that the IAB-MT maintains TA so its UL transmissions arrive at the Donor exactly within the allocated TDD slot.
*   **Slot Offset/Alignment:** The relative timing offset between the backhaul link and the access link ensures the IAB-MT has adequate time to receive data in a DL slot and forward it in a subsequent slot, validating ""hop-by-hop"" timing and relay latency.

### Summary of Key TDD Test Parameters

| Parameter | Typical Value / Range | Relevance to IAB-MT |
| :--- | :--- | :--- |
| **TDD Configuration Index** | Index 1, 2, 3 (TS 38.213) | Defines DL/UL ratio for the Backhaul link. |
| **Periodicity** | 2.5 ms, 5 ms, 10 ms | Determines frequency of switching opportunities. |
| **SCS** | 15, 30, 60 kHz | Affects symbol duration and switching granularity. |
| **Special Slot Config** | e.g., 10 DL : 2 GP : 2 UL | Critical for MT/DU TDM switching (Half-Duplex). |
| **Timing Advance** | Variable | Tests stability and alignment of the backhaul link. |
| **Slot Pattern** | e.g., DDDSU | Tests throughput under different traffic loads. |

These parameters ensure that the IAB-MT can seamlessly integrate into a TDD network, validate switching times, and prevent interference with neighboring cells or its own DU operations.",
